Q443506,48
Q562137,42
Q152456,37
Q264621,26
Q732022,24
Q1321622,24
Q154846,20
Q1421593,20
Q183,20
Q17230,20
Q1394712,20
Q156726,20
Q746914,18
Q19865453,18
Q19355,17
Q14786561,17
Q16252315,17
Q3429263,17
Q221305,16
Q1757288,16
Q616265,16
Q119526,16
Q471239,16
Q4142083,16
Q15961525,15
Q464753,15
Q16976150,15
Q16973734,15
Q426332,14
Q6074,14
Q16253888,14
Q429098,14
Q216059,14
Q15028216,14
Q699132,14
Q1190608,14
Q64211,13
Q6966659,13
Q18602670,13
Q1130310,13
Q24704218,13
Q12877,13
Q1122688,12
Q18406571,12
Q16345,12
Q1113742,12
Q366057,11
Q16060473,11
Q498906,11
Q80959,11
Q1747227,11
Q172271,11
Q3107624,11
Q696042,11
Q1410288,11
Q6987041,11
Q1404374,11
Q207711,11
Q656861,10
Q962057,10
Q17223,10
Q283555,10
Q217008,10
Q4736880,10
Q16253705,10
Q4030599,10
Q2701647,10
Q913311,10
Q343201,10
Q540379,10
Q9358033,10
Q15548282,10
Q55723,10
Q22977282,9
Q839341,9
Q5084605,9
Q1219231,9
Q384397,9
Q20706844,9
Q19571141,9
Q302174,9
Q1710428,9
Q41854,9
Q1861,9
Q1691401,9
Q1096496,9
Q21747106,8
Q182849,8
Q2593159,8
Q31984,8
Q210364,8
Q905399,8
Q14036428,8
Q3381943,8
Q2550824,8
Q2061359,8
Q16303782,8
Q272771,8
Q921510,8
Q571309,8
Q93062,8
Q3785077,8
Q1659640,8
Q18154496,8
Q288836,8
Q27343,8
Q2708907,8
Q430521,8
Q1216160,8
Q1508501,8
Q1059703,8
Q557596,8
Q386210,7
Q16864725,7
Q698492,7
Q1760081,7
Q1189674,7
Q918629,7
Q221586,7
Q4796634,7
Q1065829,7
Q23766020,7
Q14947697,7
Q16224411,7
Q21544908,7
Q1090390,7
Q1840579,7
Q1748292,7
Q3809195,7
Q1187607,7
Q1028,7
Q14513321,7
Q751769,7
Q18356955,7
Q15059358,7
Q110257,7
Q93853,7
Q800,7
Q3010450,7
Q646025,7
Q684216,7
Q574583,7
Q414,7
Q53719,7
Q958433,7
Q23012068,7
Q283933,7
Q751805,7
Q866048,7
Q217552,6
Q191966,6
Q3417220,6
Q191100,6
Q224130,6
Q1506377,6
Q2631008,6
Q3417232,6
Q3211859,6
Q16204833,6
Q15631311,6
Q12100227,6
Q183050,6
Q93670,6
Q112698,6
Q10287993,6
Q19276001,6
Q434038,6
Q35045,6
Q634810,6
Q15545272,6
Q16239217,6
Q3270032,6
Q2604363,6
Q2748803,6
Q4661341,6
Q16821267,6
Q1229070,6
Q16857406,6
Q1214318,6
Q4451333,6
Q26595,6
Q223589,6
Q1392442,6
Q1139801,6
Q1336326,6
Q6670852,6
Q314942,6
Q241309,6
Q113757,6
Q119931,6
Q8561227,6
Q16239341,6
Q895837,6
Q543581,6
Q462418,6
Q49003,6
Q21231512,6
Q180337,6
Q130321,6
Q1064530,6
Q3139644,6
Q18002795,6
Q2898609,6
Q459398,5
Q346434,5
Q501172,5
Q493599,5
Q455266,5
Q493040,5
Q108093,5
Q503028,5
Q484685,5
Q28499,5
Q176307,5
Q486401,5
Q377122,5
Q486174,5
Q496708,5
Q181325,5
Q351808,5
Q493443,5
Q337402,5
Q494564,5
Q110486,5
Q1124916,5
Q502581,5
Q484542,5
Q5925,5
Q491945,5
Q506768,5
Q48931,5
Q502739,5
Q128080,5
Q403319,5
Q507078,5
Q491390,5
Q109820,5
Q484527,5
Q512993,5
Q111672,5
Q502014,5
Q497795,5
Q490879,5
Q115324,5
Q496132,5
Q494233,5
Q484600,5
Q485001,5
Q495564,5
Q495925,5
Q502712,5
Q265079,5
Q500734,5
Q502397,5
Q374973,5
Q111744,5
Q486444,5
Q502244,5
Q112271,5
Q54231,5
Q501968,5
Q502400,5
Q492026,5
Q421960,5
Q494905,5
Q503889,5
Q276772,5
Q497992,5
Q484354,5
Q461562,5
Q491970,5
Q489993,5
Q54445,5
Q137562,5
Q61135,5
Q490914,5
Q114339,5
Q508618,5
Q505993,5
Q494093,5
Q505417,5
Q29124,5
Q259095,5
Q374979,5
Q496751,5
Q61048,5
Q490104,5
Q130008,5
Q502437,5
Q376576,5
Q113823,5
Q489457,5
Q500880,5
Q488468,5
Q485239,5
Q502200,5
Q487578,5
Q487605,5
Q485715,5
Q146673,5
Q511713,5
Q196029,5
Q495448,5
Q493134,5
Q115025,5
Q490134,5
Q484748,5
Q164603,5
Q494216,5
Q484729,5
Q497172,5
Q113984,5
Q489477,5
Q486626,5
Q491406,5
Q502732,5
Q202454,5
Q502047,5
Q495581,5
Q374527,5
Q507966,5
Q484755,5
Q507244,5
Q490283,5
Q494912,5
Q376102,5
Q379663,5
Q26754,5
Q113354,5
Q485245,5
Q648977,5
Q45441,5
Q182112,5
Q156411,5
Q504415,5
Q384754,5
Q485729,5
Q511106,5
Q127975,5
Q113079,5
Q487599,5
Q376755,5
Q490989,5
Q26601,5
Q489576,5
Q490436,5
Q488653,5
Q513818,5
Q493074,5
Q497628,5
Q640710,5
Q501157,5
Q494998,5
Q494180,5
Q1177705,5
Q374382,5
Q1139827,5
Q502707,5
Q490129,5
Q18120072,5
Q115337,5
Q110739,5
Q494174,5
Q61365,5
Q504428,5
Q137828,5
Q490400,5
Q470626,5
Q111921,5
Q504846,5
Q26891,5
Q484457,5
Q502411,5
Q484509,5
Q489783,5
Q486366,5
Q501918,5
Q511478,5
Q202326,5
Q496636,5
Q501151,5
Q505987,5
Q108386,5
Q377181,5
Q506351,5
Q108397,5
Q114862,5
Q156287,5
Q506181,5
Q493024,5
Q494916,5
Q336337,5
Q109651,5
Q115356,5
Q192753,5
Q490112,5
Q507266,5
Q111821,5
Q108106,5
Q108367,5
Q497928,5
Q1130480,5
Q504312,5
Q115061,5
Q501074,5
Q108499,5
Q497634,5
Q480981,5
Q491623,5
Q112934,5
Q376822,5
Q27844,5
Q61352,5
Q61018,5
Q501989,5
Q263418,5
Q48834,5
Q115404,5
Q497908,5
Q104994,5
Q114884,5
Q490219,5
Q503093,5
Q485062,5
Q156500,5
Q54086,5
Q507139,5
Q111913,5
Q487731,5
Q498321,5
Q485710,5
Q169952,5
Q490716,5
Q485452,5
Q497880,5
Q27011,5
Q489652,5
Q507336,5
Q500793,5
Q28488,5
Q376616,5
Q495234,5
Q503521,5
Q486043,5
Q48927,5
Q490029,5
Q54163,5
Q506230,5
Q491646,5
Q488683,5
Q54165,5
Q505299,5
Q109825,5
Q156177,5
Q28316,5
Q511723,5
Q487681,5
Q54443,5
Q489620,5
Q504385,5
Q513994,5
Q156306,5
Q501292,5
Q26719,5
Q490799,5
Q111380,5
Q484150,5
Q495078,5
Q502511,5
Q488679,5
Q48856,5
Q489463,5
Q484548,5
Q489729,5
Q854630,5
Q488690,5
Q494560,5
Q490813,5
Q94663,5
Q108821,5
Q485984,5
Q111593,5
Q29118,5
Q376113,5
Q156342,5
Q491959,5
Q498377,5
Q110510,5
Q504355,5
Q496475,5
Q490953,5
Q506225,5
Q489062,5
Q501147,5
Q491272,5
Q504391,5
Q156295,5
Q495198,5
Q494970,5
Q926589,5
Q507169,5
Q506337,5
Q484590,5
Q108534,5
Q496980,5
Q491035,5
Q61358,5
Q502054,5
Q421956,5
Q134080,5
Q483982,5
Q488821,5
Q82367,5
Q338939,5
Q506722,5
Q156387,5
Q502952,5
Q488537,5
Q486207,5
Q502222,5
Q112512,5
Q426262,5
Q500984,5
Q239838,5
Q488701,5
Q507722,5
Q485950,5
Q26716,5
Q507088,5
Q490124,5
Q156629,5
Q24645,5
Q842902,5
Q156440,5
Q485553,5
Q111759,5
Q494121,5
Q507016,5
Q156257,5
Q487016,5
Q485370,5
Q500827,5
Q295787,5
Q491288,5
Q509770,5
Q502526,5
Q135328,5
Q488572,5
Q491850,5
Q485484,5
Q27018,5
Q61294,5
Q112061,5
Q114550,5
Q113843,5
Q495912,5
Q14522920,5
Q109830,5
Q484452,5
Q506538,5
Q490157,5
Q507918,5
Q500758,5
Q389783,5
Q496678,5
Q26723,5
Q505999,5
Q484771,5
Q484577,5
Q495658,5
Q505398,5
Q26526,5
Q500711,5
Q504435,5
Q489471,5
Q336190,5
Q484279,5
Q74628,5
Q494186,5
Q888563,5
Q484603,5
Q491017,5
Q501067,5
Q494164,5
Q648752,5
Q54253,5
Q501827,5
Q156577,5
Q489430,5
Q488522,5
Q54076,5
Q109155,5
Q494485,5
Q488553,5
Q495349,5
Q501848,5
Q495398,5
Q488548,5
Q484398,5
Q71136,5
Q484153,5
Q484752,5
Q56149,5
Q509861,5
Q473605,5
Q156385,5
Q496602,5
Q500674,5
Q493079,5
Q506300,5
Q27041,5
Q498675,5
Q505380,5
Q494254,5
Q502456,5
Q492888,5
Q502549,5
Q108436,5
Q496440,5
Q489595,5
Q108962,5
Q484991,5
Q111291,5
Q489586,5
Q112977,5
Q501582,5
Q109851,5
Q156467,5
Q484474,5
Q486503,5
Q500861,5
Q511095,5
Q498327,5
Q21806470,5
Q751202,5
Q500803,5
Q498286,5
Q26605,5
Q404898,5
Q501914,5
Q485478,5
Q61170,5
Q253538,5
Q511150,5
Q127972,5
Q494117,5
Q426699,5
Q110516,5
Q110325,5
Q483932,5
Q504403,5
Q193072,5
Q374968,5
Q493112,5
Q497615,5
Q490937,5
Q485470,5
Q112137,5
Q54440,5
Q24464,5
Q111316,5
Q484620,5
Q491463,5
Q60984,5
Q251267,5
Q485532,5
Q835104,5
Q26738,5
Q505874,5
Q26564,5
Q94669,5
Q489767,5
Q489159,5
Q112584,5
Q497646,5
Q115463,5
Q280838,5
Q505444,5
Q495261,5
Q490642,5
Q496693,5
Q486112,5
Q503059,5
Q507099,5
Q114123,5
Q494575,5
Q513775,5
Q379540,5
Q376136,5
Q491862,5
Q312254,5
Q485536,5
Q496685,5
Q494569,5
Q485448,5
Q491021,5
Q507782,5
Q127978,5
Q501823,5
Q490784,5
Q491941,5
Q494228,5
Q14601792,5
Q490454,5
Q377131,5
Q483895,5
Q110500,5
Q370329,5
Q340606,5
Q495090,5
Q115266,5
Q501835,5
Q61167,5
Q269164,5
Q277728,5
Q51733,5
Q156291,5
Q312734,5
Q503442,5
Q502364,5
Q495738,5
Q255943,5
Q487534,5
Q374452,5
Q110187,5
Q655315,5
Q484461,5
Q156575,5
Q500702,5
Q426398,5
Q496511,5
Q491966,5
Q489265,5
Q498024,5
Q484488,5
Q487280,5
Q505359,5
Q485204,5
Q502920,5
Q284439,5
Q110532,5
Q492652,5
Q503551,5
Q109975,5
Q493049,5
Q494636,5
Q488813,5
Q507743,5
Q505428,5
Q114445,5
Q494129,5
Q156632,5
Q61024,5
Q114529,5
Q112619,5
Q507575,5
Q486248,5
Q499542,5
Q494799,5
Q506907,5
Q495667,5
Q489986,5
Q374495,5
Q74661,5
Q500818,5
Q111421,5
Q26506,5
Q110670,5
Q261672,5
Q114904,5
Q112869,5
Q509813,5
Q108072,5
Q490378,5
Q492061,5
Q26587,5
Q109695,5
Q312586,5
Q312737,5
Q111904,5
Q507063,5
Q111584,5
Q374471,5
Q497938,5
Q495072,5
Q335121,5
Q485561,5
Q374442,5
Q491178,5
Q312750,5
Q489751,5
Q112488,5
Q175035,5
Q497482,5
Q491899,5
Q500918,5
Q488649,5
Q26628,5
Q485631,5
Q48917,5
Q500854,5
Q495595,5
Q491479,5
Q2758,5
Q375803,5
Q486067,5
Q156464,5
Q486328,5
Q1125008,5
Q491837,5
Q490009,5
Q485660,5
Q492044,5
Q490023,5
Q504379,5
Q490999,5
Q489648,5
Q115577,5
Q280820,5
Q506498,5
Q497810,5
Q502213,5
Q61165,5
Q375019,5
Q61036,5
Q496900,5
Q502727,5
Q502479,5
Q489306,5
Q163529,5
Q156608,5
Q485656,5
Q487704,5
Q496886,5
Q511498,5
Q502031,5
Q484015,5
Q490852,5
Q848649,5
Q48905,5
Q498372,5
Q485474,5
Q484183,5
Q114140,5
Q507798,5
Q494098,5
Q486000,5
Q484287,5
Q495856,5
Q494947,5
Q26502,5
Q490740,5
Q113815,5
Q486229,5
Q490144,5
Q695782,5
Q489980,5
Q486060,5
Q48910,5
Q491762,5
Q126829,5
Q486075,5
Q491432,5
Q485291,5
Q488769,5
Q109641,5
Q110900,5
Q494104,5
Q375608,5
Q484470,5
Q107977,5
Q506015,5
Q493102,5
Q504830,5
Q495918,5
Q32348,5
Q387555,5
Q489468,5
Q486123,5
Q491243,5
Q15303700,5
Q5427561,5
Q484371,5
Q490266,5
Q494990,5
Q483954,5
Q18407657,5
Q375108,5
Q377011,5
Q485408,5
Q489369,5
Q474999,5
Q544539,5
Q156468,5
Q128077,5
Q338052,5
Q156452,5
Q167589,5
Q495037,5
Q501306,5
Q495974,5
Q490088,5
Q495269,5
Q490807,5
Q111633,5
Q491759,5
Q376086,5
Q378527,5
Q489853,5
Q156444,5
Q484643,5
Q19882898,5
Q485615,5
Q490446,5
Q511659,5
Q512699,5
Q488892,5
Q492048,5
Q114503,5
Q500663,5
Q495899,5
Q181015,5
Q506309,5
Q156488,5
Q502554,5
Q15109729,5
Q109289,5
Q82603,5
Q109526,5
Q54073,5
Q376446,5
Q492012,5
Q485528,5
Q156642,5
Q494806,5
Q110755,5
Q110555,5
Q488853,5
Q115043,5
Q847676,5
Q490357,5
Q3492392,5
Q113892,5
Q488543,5
Q498621,5
Q496568,5
Q493037,5
Q494211,5
Q163097,5
Q112499,5
Q156270,5
Q374358,5
Q372648,5
Q112781,5
Q505387,5
Q497824,5
Q496656,5
Q114923,5
Q501115,5
Q501927,5
Q498072,5
Q504294,5
Q485420,5
Q26760,5
Q615975,5
Q503478,5
Q495216,5
Q491931,5
Q508271,5
Q45438,5
Q502784,5
Q485058,5
Q491004,5
Q1648540,5
Q312740,5
Q486081,5
Q491144,5
Q513950,5
Q82605,5
Q502386,5
Q484367,5
Q485426,5
Q497861,5
Q489939,5
Q376042,5
Q156340,5
Q336948,5
Q27025,5
Q115386,5
Q109779,5
Q491339,5
Q26699,5
Q54089,5
Q430938,5
Q495289,5
Q113041,5
Q61034,5
Q483888,5
Q115216,5
Q490874,5
Q490796,5
Q203022,5
Q56152,5
Q512816,5
Q486961,5
Q133857,5
Q28286,5
Q12125299,5
Q493044,5
Q108803,5
Q510915,5
Q156366,5
Q4704827,5
Q507757,5
Q501606,5
Q491537,5
Q485209,5
Q961138,5
Q377234,5
Q486238,5
Q490443,5
Q3072241,5
Q507153,5
Q485020,5
Q1124743,5
Q485434,5
Q489083,5
Q108047,5
Q491157,5
Q61173,5
Q738043,5
Q429814,5
Q485513,5
Q110495,5
Q495181,5
Q502569,5
Q49289,5
Q111686,5
Q486054,5
Q61216,5
Q488582,5
Q127184,5
Q484385,5
Q114843,5
Q491116,5
Q497984,5
Q484420,5
Q507256,5
Q501602,5
Q135330,5
Q28283,5
Q506937,5
Q558102,5
Q494526,5
Q487686,5
Q498104,5
Q17605514,5
Q61470,5
Q71190,5
Q403544,5
Q377035,5
Q494146,5
Q336322,5
Q375991,5
Q402945,5
Q61384,5
Q513878,5
Q489069,5
Q485364,5
Q505305,5
Q505848,5
Q491052,5
Q109981,5
Q489912,5
Q486184,5
Q111979,5
Q496096,5
Q156471,5
Q304065,5
Q490695,5
Q224910,5
Q61346,5
Q486386,5
Q506321,5
Q312748,5
Q484538,5
Q486265,5
Q486654,5
Q341915,5
Q109508,5
Q156216,5
Q502288,5
Q490432,5
Q498312,5
Q61339,5
Q484556,5
Q926619,5
Q494919,5
Q496764,5
Q490994,5
Q489735,5
Q500871,5
Q503554,5
Q489659,5
Q511679,5
Q109761,5
Q111400,5
Q109686,5
Q512911,5
Q367632,5
Q114043,5
Q488224,5
Q503877,5
Q113029,5
Q490671,5
Q115104,5
Q488492,5
Q494236,5
Q495275,5
Q506697,5
Q496146,5
Q263930,5
Q490095,5
Q730,5
Q54064,5
Q485920,5
Q341865,5
Q494463,5
Q489553,5
Q175756,5
Q505272,5
Q17174784,5
Q279452,5
Q490184,5
Q500897,5
Q128079,5
Q110389,5
Q501022,5
Q502592,5
Q491331,5
Q485526,5
Q110764,5
Q484786,5
Q494541,5
Q312487,5
Q271915,5
Q48831,5
Q495839,5
Q109705,5
Q490190,5
Q32349,5
Q484496,5
Q495137,5
Q488219,5
Q505317,5
Q464964,5
Q491173,5
Q487716,5
Q491702,5
Q495885,5
Q377952,5
Q491140,5
Q115307,5
Q63958,5
Q28308,5
Q54082,5
Q486179,5
Q108851,5
Q496744,5
Q61368,5
Q2979643,5
Q495112,5
Q156619,5
Q494156,5
Q175799,5
Q506332,5
Q490683,5
Q374765,5
Q485980,5
Q490259,5
Q932951,5
Q489880,5
Q514093,5
Q56151,5
Q485361,5
Q494926,5
Q56144,5
Q4886479,5
Q488826,5
Q501036,5
Q115480,5
Q501101,5
Q495169,5
Q113834,5
Q491447,5
Q488175,5
Q490908,5
Q491982,5
Q493228,5
Q494931,5
Q488831,5
Q495310,5
Q484559,5
Q377148,5
Q506363,5
Q495662,5
Q113255,5
Q486091,5
Q495229,5
Q108083,5
Q485910,5
Q489756,5
Q491470,5
Q485577,5
Q3442353,5
Q112793,5
Q61502,5
Q498362,5
Q10339800,5
Q376729,5
Q486071,5
Q398939,5
Q503495,5
Q486791,5
Q111391,5
Q495687,5
Q491456,5
Q110624,5
Q56146,5
Q502564,5
Q376849,5
Q109303,5
Q486538,5
Q493605,5
Q491976,5
Q490734,5
Q502729,5
Q113117,5
Q485235,5
Q501982,5
Q486040,5
Q484535,5
Q497979,5
Q513092,5
Q486448,5
Q58684,5
Q108137,5
Q26880,5
Q158023,5
Q501096,5
Q248521,5
Q505282,5
Q376592,5
Q496152,5
Q54260,5
Q376034,5
Q376838,5
Q495126,5
Q491878,5
Q490488,5
Q484629,5
Q494500,5
Q499547,5
Q485502,5
Q193167,5
Q502560,5
Q61500,5
Q56153,5
Q484648,5
Q109265,5
Q495672,5
Q494207,5
Q109204,5
Q502351,5
Q503864,5
Q113864,5
Q502463,5
Q63718,5
Q156353,5
Q109279,5
Q502393,5
Q502368,5
Q189657,5
Q374663,5
Q498613,5
Q489869,5
Q109670,5
Q375008,5
Q494751,5
Q487003,5
Q504410,5
Q496722,5
Q74633,5
Q484431,5
Q376546,5
Q513982,5
Q107982,5
Q115272,5
Q494764,5
Q486458,5
Q109442,5
Q114026,5
Q493222,5
Q113783,5
Q156479,5
Q111374,5
Q26744,5
Q495022,5
Q280596,5
Q1055449,5
Q127973,5
Q379660,5
Q507892,5
Q490077,5
Q491919,5
Q503461,5
Q312497,5
Q490168,5
Q483893,5
Q111867,5
Q486305,5
Q507907,5
Q111540,5
Q109622,5
Q156623,5
Q283657,5
Q495160,5
Q111694,5
Q842938,5
Q372796,5
Q512713,5
Q109447,5
Q484159,5
Q26712,5
Q115125,5
Q493450,5
Q156380,5
Q176480,5
Q54240,5
Q484273,5
Q498128,5
Q490946,5
Q491321,5
Q504318,5
Q112550,5
Q61160,5
Q488461,5
Q220005,5
Q375125,5
Q493709,5
Q508254,5
Q58686,5
Q498123,5
Q491519,5
Q156445,5
Q496596,5
Q491285,5
Q495252,5
Q949766,5
Q503546,5
Q501236,5
Q496242,5
Q58759,5
Q369211,5
Q484493,5
Q399647,5
Q477951,5
Q493951,5
Q28274,5
Q428298,5
Q74686,5
Q489546,5
Q114479,5
Q493610,5
Q27021,5
Q502072,5
Q374422,5
Q74290,5
Q484234,5
Q110421,5
Q485229,5
Q26762,5
Q489447,5
Q505287,5
Q1747405,5
Q488859,5
Q112846,5
Q113313,5
Q110384,5
Q494471,5
Q112993,5
Q503023,5
Q496086,5
Q498336,5
Q111613,5
Q495017,5
Q490774,5
Q494634,5
Q487677,5
Q280815,5
Q490498,5
Q115247,5
Q486994,5
Q500813,5
Q376069,5
Q497817,5
Q506209,5
Q490108,5
Q156265,5
Q263742,5
Q185533,5
Q491311,5
Q109150,5
Q168144,5
Q486476,5
Q483847,5
Q109751,5
Q495326,5
Q486800,5
Q490423,5
Q486348,5
Q195664,5
Q156455,5
Q110491,5
Q494755,5
Q485463,5
Q108372,5
Q494936,5
Q495246,5
Q486105,5
Q110983,5
Q489690,5
Q502414,5
Q494508,5
Q484791,5
Q376990,5
Q507957,5
Q484478,5
Q495191,5
Q491427,5
Q288592,5
Q61204,5
Q489677,5
Q494616,5
Q501163,5
Q488672,5
Q379665,5
Q112807,5
Q61330,5
Q156346,5
Q512925,5
Q507414,5
Q490210,5
Q337348,5
Q142369,5
Q115081,5
Q486336,5
Q110417,5
Q61481,5
Q109317,5
Q485030,5
Q1201853,5
Q495479,5
Q111894,5
Q112086,5
Q496664,5
Q379585,5
Q490647,5
Q489855,5
Q61296,5
Q337067,5
Q430328,5
Q26730,5
Q373953,5
Q501312,5
Q153484,5
Q503511,5
Q115568,5
Q127970,5
Q501964,5
Q515220,5
Q501108,5
Q370710,5
Q488943,5
Q498276,5
Q386271,5
Q110768,5
Q374256,5
Q108101,5
Q489873,5
Q112652,5
Q540907,5
Q486118,5
Q156361,5
Q490750,5
Q485741,5
Q491011,5
Q3402287,5
Q506557,5
Q486139,5
Q486621,5
Q477870,5
Q500698,5
Q374334,5
Q485620,5
Q27411,5
Q495031,5
Q488698,5
Q484224,5
Q496115,5
Q111647,5
Q498346,5
Q128096,5
Q61143,5
Q387216,5
Q490690,5
Q49290,5
Q403777,5
Q109275,5
Q494771,5
Q491068,5
Q24648,5
Q22000641,5
Q484391,5
Q502543,5
Q490722,5
Q486651,5
Q503076,5
Q505515,5
Q266493,5
Q496125,5
Q54234,5
Q486499,5
Q488796,5
Q156618,5
Q495147,5
Q113333,5
Q502777,5
Q205715,5
Q497871,5
Q502945,5
Q54238,5
Q108861,5
Q495880,5
Q487288,5
Q502273,5
Q486133,5
Q487610,5
Q4750478,5
Q495654,5
Q16261842,5
Q485974,5
Q58691,5
Q496139,5
Q502069,5
Q500312,5
Q495845,5
Q490414,5
Q513933,5
Q491148,5
Q156358,5
Q507881,5
Q374989,5
Q498028,5
Q113056,5
Q495965,5
Q485221,5
Q403310,5
Q112565,5
Q511461,5
Q312470,5
Q58689,5
Q491301,5
Q497200,5
Q376106,5
Q500598,5
Q501809,5
Q505644,5
Q1627076,5
Q484426,5
Q489056,5
Q497804,5
Q495171,5
Q496589,5
Q485539,5
Q110684,5
Q112737,5
Q511834,5
Q495368,5
Q312563,5
Q115273,5
Q156191,5
Q496583,5
Q137509,5
Q489099,5
Q494161,5
Q94673,5
Q483950,5
Q486633,5
Q490161,5
Q494203,5
Q489716,5
Q341639,5
Q61020,5
Q506068,5
Q491201,5
Q495043,5
Q113017,5
Q502507,5
Q108391,5
Q506531,5
Q376703,5
Q4822037,5
Q489599,5
Q54066,5
Q118716,5
Q489663,5
Q498295,5
Q488181,5
Q487415,5
Q507472,5
Q505980,5
Q421963,5
Q494822,5
Q271601,5
Q118743,5
Q489779,5
Q111235,5
Q506779,5
Q490395,5
Q156580,5
Q108143,5
Q109284,5
Q486440,5
Q495280,5
Q109518,5
Q1348275,5
Q340591,5
Q491256,5
Q491121,5
Q484760,5
Q108837,5
Q115413,5
Q495096,5
Q488818,5
Q494626,5
Q489915,5
Q176053,5
Q111168,5
Q512686,5
Q61129,5
Q490903,5
Q111946,5
Q506772,5
Q500933,5
Q495645,5
Q513010,5
Q484596,5
Q49014,5
Q174913,5
Q113919,5
Q483916,5
Q490843,5
Q113396,5
Q374950,5
Q495417,5
Q495719,5
Q468557,5
Q156475,5
Q484672,5
Q506376,5
Q497707,5
Q491281,5
Q507180,5
Q54447,5
Q492070,5
Q109646,5
Q488194,5
Q115200,5
Q7232336,5
Q485549,5
Q111957,5
Q484570,5
Q486344,5
Q493715,5
Q494552,5
Q495937,5
Q493957,5
Q109756,5
Q108428,5
Q501078,5
Q488186,5
Q484664,5
Q511806,5
Q54072,5
Q112125,5
Q512832,5
Q504284,5
Q65433,5
Q505292,5
Q496771,5
Q156429,5
Q374589,5
Q3210119,5
Q167583,5
Q313874,5
Q372364,5
Q502933,5
Q112953,5
Q502050,5
Q490762,5
Q489668,5
Q74704,5
Q485746,5
Q486313,5
Q496169,5
Q505333,5
Q109661,5
Q61461,5
Q489847,5
Q128075,5
Q491868,5
Q500845,5
Q512901,5
Q311897,5
Q501587,5
Q490318,5
Q489332,5
Q20790440,5
Q110655,5
Q501092,5
Q504397,5
Q511470,5
Q506752,5
Q54438,5
Q487692,5
Q493236,5
Q54079,5
Q63953,5
Q483958,5
Q26914,5
Q507321,5
Q496716,5
Q507216,5
Q490980,5
Q502496,5
Q485392,5
Q494899,5
Q112634,5
Q113805,5
Q2021294,5
Q511069,5
Q374342,5
Q506489,5
Q109785,5
Q113132,5
Q495691,5
Q173867,5
Q494192,5
Q495613,5
Q504375,5
Q109681,5
Q496292,5
Q156566,5
Q495629,5
Q484156,5
Q340605,5
Q485804,5
Q115289,5
Q495376,5
Q501819,5
Q486376,5
Q494958,5
Q485543,5
Q497917,5
Q511849,5
Q486064,5
Q374200,5
Q376053,5
Q485006,5
Q492016,5
Q61026,5
Q109312,5
Q386189,5
Q485441,5
Q219315,5
Q489481,5
Q509848,5
Q484780,5
Q489711,5
Q156448,5
Q501014,5
Q486137,5
Q506370,5
Q506951,5
Q312742,5
Q493033,5
Q54251,5
Q506326,5
Q26676,5
Q1763458,5
Q490859,5
Q486486,5
Q488668,5
Q82499,5
Q108788,5
Q489420,5
Q494815,5
Q513758,5
Q2613391,5
Q488517,5
Q374604,5
Q61472,5
Q490477,5
Q137916,5
Q484567,5
Q485301,5
Q58683,5
Q110606,5
Q502925,5
Q339175,5
Q502503,5
Q488531,5
Q513968,5
Q58694,5
Q498301,5
Q507126,5
Q497890,5
Q511084,5
Q491843,5
Q4661522,5
Q109836,5
Q505861,5
Q27009,5
Q484563,5
Q485582,5
Q495154,5
Q494810,5
Q111753,5
Q489894,5
Q61355,5
Q488566,5
Q502737,5
Q110978,5
Q494760,5
Q112603,5
Q26591,5
Q484465,5
Q505886,5
Q485024,5
Q201014,5
Q484378,5
Q495834,5
Q488171,5
Q376803,5
Q484282,5
Q302852,5
Q110340,5
Q492053,5
Q491327,5
Q484304,5
Q515150,5
Q341679,5
Q115316,5
Q487744,5
Q495116,5
Q110575,5
Q376353,5
Q111622,5
Q502451,5
Q20856821,5
Q111936,5
Q82505,5
Q434669,5
Q501051,5
Q503071,5
Q509926,5
Q119372,5
Q510122,5
Q502468,5
Q505354,5
Q61138,5
Q61315,5
Q312475,5
Q110779,5
Q503468,5
Q48891,5
Q384890,5
Q503538,5
Q501130,5
Q497652,5
Q485726,5
Q489377,5
Q494776,5
Q489747,5
Q506525,5
Q506197,5
Q167656,5
Q496025,5
Q486191,5
Q499302,5
Q485524,5
Q498034,5
Q111517,5
Q484612,5
Q485460,5
Q494198,5
Q495620,5
Q501284,5
Q26710,5
Q110565,5
Q52250,5
Q485276,5
Q486243,5
Q484296,5
Q510920,5
Q110561,5
Q486480,5
Q485213,5
Q484440,5
Q503081,5
Q376175,5
Q177562,5
Q498356,5
Q495332,5
Q503064,5
Q112107,5
Q110528,5
Q501830,5
Q484401,5
Q504345,5
Q3801252,5
Q486143,5
Q502424,5
Q502086,5
Q484349,5
Q494072,5
Q27045,5
Q113005,5
Q494598,5
Q115556,5
Q71100,5
Q3234929,5
Q501555,5
Q485035,5
Q502377,5
Q156486,5
Q489259,5
Q28321,5
Q508220,5
Q26610,5
Q495204,5
Q502356,5
Q485047,5
Q58711,5
Q484330,5
Q109969,5
Q503492,5
Q509910,5
Q1139839,5
Q490757,5
Q506157,5
Q113962,5
Q494952,5
Q512259,5
Q182845,5
Q484776,5
Q509798,5
Q494480,5
Q483973,5
Q484395,5
Q27037,5
Q109709,5
Q376527,5
Q156459,5
Q61526,5
Q505841,5
Q496453,5
Q109160,5
Q111310,5
Q491208,5
Q61348,5
Q111266,5
Q109616,5
Q489312,5
Q115349,5
Q591156,5
Q496447,5
Q490839,5
Q491626,5
Q110262,5
Q490019,5
Q491292,5
Q61157,5
Q162560,5
Q483942,5
Q108127,5
Q368006,5
Q494803,5
Q47894,5
Q488488,5
Q26766,5
Q48850,5
Q491633,5
Q156431,5
Q26889,5
Q156639,5
Q486522,5
Q491129,5
Q488576,5
Q496077,5
Q3566895,5
Q502743,5
Q27245,5
Q111844,5
Q376776,5
Q486380,5
Q490779,5
Q288606,5
Q61176,5
Q111280,5
Q497737,5
Q26697,5
Q111968,5
Q495958,5
Q488917,5
Q485588,5
Q377046,5
Q497642,5
Q108827,5
Q26528,5
Q511747,5
Q61484,5
Q488675,5
Q506892,5
Q502959,5
Q311921,5
Q377162,5
Q484659,5
Q385931,5
Q54254,5
Q513792,5
Q514024,5
Q506220,5
Q488528,5
Q501323,5
Q61468,5
Q502257,5
Q484513,5
Q491046,5
Q501948,5
Q506676,5
Q507365,5
Q502207,5
Q389573,5
Q501000,5
Q1957174,5
Q493260,5
Q312449,5
Q496176,5
Q109810,5
Q496700,5
Q484633,5
Q108067,5
Q507629,5
Q240621,5
Q486078,5
Q109846,5
Q496729,5
Q488693,5
Q489324,5
Q502929,5
Q509826,5
Q109626,5
Q501340,5
Q26527,5
Q377171,5
Q486210,5
Q114423,5
Q490920,5
Q2613601,5
Q485402,5
Q502036,5
Q498353,5
Q497845,5
Q376024,5
Q61014,5
Q115166,5
Q491831,5
Q94031,5
Q491112,5
Q507853,5
Q501350,5
Q487738,5
Q495195,5
Q58692,5
Q400757,5
Q502345,5
Q494223,5
Q113220,5
Q484482,5
Q111245,5
Q280826,5
Q501804,5
Q501843,5
Q54093,5
Q111876,5
Q145006,5
Q492040,5
Q507230,5
Q113875,5
Q490033,5
Q495059,5
Q484582,5
Q506162,5
Q176068,5
Q327080,5
Q63771,5
Q26898,5
Q489702,5
Q495998,5
Q54065,5
Q494579,5
Q484740,5
Q493092,5
Q507981,5
Q484450,5
Q113096,5
Q506191,5
Q495003,5
Q485467,5
Q491543,5
Q485383,5
Q489079,5
Q495608,5
Q501140,5
Q48933,5
Q490002,5
Q501263,5
Q943772,5
Q211360,5
Q490512,5
Q495340,5
Q497728,5
Q490427,5
Q488475,5
Q491184,5
Q485787,5
Q376640,5
Q110760,5
Q58771,5
Q111304,5
Q485388,5
Q510407,5
Q271609,5
Q489999,5
Q374626,5
Q501974,5
Q340608,5
Q485912,5
Q494546,5
Q491136,5
Q495201,5
Q113185,5
Q484142,5
Q486215,5
Q486006,5
Q63719,5
Q494077,5
Q506187,5
Q490884,5
Q491590,5
Q509757,5
Q489673,5
Q488879,5
Q336167,5
Q376129,5
Q486309,5
Q501319,5
Q501060,5
Q486325,5
Q490420,5
Q489273,5
Q27031,5
Q502492,5
Q487725,5
Q492036,5
Q490369,5
Q26907,5
Q509895,5
Q501976,5
Q351887,5
Q127238,5
Q110336,5
Q499295,5
Q351865,5
Q495142,5
Q61012,5
Q370310,5
Q110592,5
Q108077,5
Q501568,5
Q513833,5
Q496962,5
Q497788,5
Q488840,5
Q312453,5
Q797678,5
Q485628,5
Q375143,5
Q488505,5
Q490925,5
Q156496,5
Q490344,5
Q505505,5
Q486453,5
Q501596,5
Q4026942,5
Q491533,5
Q781165,5
Q494167,5
Q108122,5
Q109293,5
Q491996,5
Q61458,5
Q495264,5
Q489682,5
Q108503,5
Q115433,5
Q491343,5
Q115332,5
Q497424,5
Q61317,5
Q497971,5
Q485013,5
Q495603,5
Q486150,5
Q512937,5
Q495223,5
Q490386,5
Q496109,5
Q484745,5
Q498319,5
Q376120,5
Q495930,5
Q486495,5
Q484247,5
Q6056379,5
Q501858,5
Q490727,5
Q188376,5
Q490789,5
Q54442,5
Q502373,5
Q26807,5
Q450159,5
Q61153,5
Q2708051,5
Q494774,5
Q491553,5
Q54262,5
Q112957,5
Q22693238,5
Q512799,5
Q113793,5
Q180785,5
Q156350,5
Q114969,5
Q506064,5
Q48926,5
Q487616,5
Q502021,5
Q108058,5
Q495239,5
Q506727,5
Q500958,5
Q489935,5
Q31091,5
Q495979,5
Q607122,5
Q58698,5
Q5082828,5
Q489075,5
Q495588,5
Q489787,5
Q490949,5
Q506175,5
Q495891,5
Q312731,5
Q489610,5
Q505638,5
Q427732,5
Q511510,5
Q513919,5
Q489625,5
Q128137,5
Q495175,5
Q58774,5
Q506547,5
Q311908,5
Q504863,5
Q111254,5
Q509880,5
Q502587,5
Q484418,5
Q486198,5
Q501939,5
Q108793,5
Q111220,5
Q156276,5
Q341708,5
Q278589,5
Q691614,5
Q493529,5
Q112078,5
Q495969,5
Q504350,5
Q2083821,5
Q353108,5
Q111720,5
Q484624,5
Q112673,5
Q502404,5
Q486301,5
Q113375,5
Q28311,5
Q3121161,5
Q500776,5
Q491032,5
Q54441,5
Q379657,5
Q488912,5
Q494086,5
Q370654,5
Q198529,5
Q54161,5
Q376562,5
Q490121,5
Q485736,5
Q108379,5
Q249638,5
Q505276,5
Q26895,5
Q118127,5
Q210812,5
Q109308,5
Q156370,5
Q491229,5
Q498014,5
Q61350,5
Q490116,5
Q500939,5
Q183135,5
Q156377,5
Q491221,5
Q496486,5
Q484381,5
Q495132,5
Q500680,5
Q491927,5
Q115344,5
Q498058,5
Q495677,5
Q489007,5
Q494514,5
Q61363,5
Q61086,5
Q486535,5
Q4954047,5
Q484222,5
Q488847,5
Q485044,5
Q82510,5
Q507488,5
Q111098,5
Q506563,5
Q497695,5
Q61289,5
Q485650,5
Q500645,5
Q494818,5
Q496197,5
Q182176,5
Q501123,5
Q494791,5
Q311894,5
Q156220,5
Q26756,5
Q133854,5
Q483857,5
Q28292,5
Q489743,5
Q496737,5
Q492066,5
Q507308,5
Q491160,5
Q503455,5
Q512732,5
Q507294,5
Q495006,5
Q47944,5
Q374649,5
Q112220,5
Q505884,5
Q485752,5
Q111174,5
Q489536,5
Q495315,5
Q493243,5
Q496622,5
Q502447,5
Q156181,5
Q491152,5
Q108087,5
Q192650,5
Q494138,5
Q507609,5
Q502442,5
Q484668,5
Q493255,5
Q496045,5
Q505834,5
Q400747,5
Q502875,5
Q109298,5
Q486154,5
Q486095,5
Q54091,5
Q494716,5
Q115551,5
Q502342,5
Q484231,5
Q48937,5
Q484767,5
Q507459,5
Q502210,5
Q501242,5
Q484294,5
Q484734,5
Q486352,5
Q497899,5
Q490678,5
Q200696,5
Q389365,5
Q490745,5
Q111790,5
Q515177,5
Q111566,5
Q113748,5
Q489222,5
Q495356,5
Q483990,5
Q156188,5
Q156570,5
Q167580,5
Q108131,5
Q491529,5
Q506086,5
Q281681,5
Q489106,5
Q491988,5
Q490140,5
Q495257,5
Q56154,5
Q501029,5
Q112714,5
Q485808,5
Q48874,5
Q506315,5
Q489942,5
Q111549,5
Q484530,5
Q54258,5
Q486270,5
Q426360,5
Q491026,5
Q489861,5
Q494413,5
Q486874,5
Q71202,5
Q54235,5
Q94783,5
Q109815,5
Q488885,5
Q110482,5
Q506357,5
Q485412,5
Q491894,5
Q511135,5
Q489901,5
Q108418,5
Q192992,5
Q503486,5
Q54444,5
Q485430,5
Q484408,5
Q204761,5
Q304671,5
Q488865,5
Q4911187,5
Q512965,5
Q485455,5
Q489591,5
Q506172,5
Q1139833,5
Q156647,5
Q490251,5
Q491170,5
Q486471,5
Q377157,5
Q486848,5
Q485250,5
Q486614,5
Q1552534,5
Q384737,5
Q501800,5
Q111385,5
Q27229,5
Q486659,5
Q487581,5
Q311904,5
Q505310,5
Q108798,5
Q114301,5
Q109790,5
Q376899,5
Q508247,5
Q489642,5
Q156643,5
Q500742,5
Q156253,5
Q496558,5
Q493088,5
Q502081,5
Q503883,5
Q54160,5
Q490986,5
Q495944,5
Q490325,5
Q505499,5
Q302165,5
Q498066,5
Q491514,5
Q502722,5
Q511524,5
Q485969,5
Q111886,5
Q484404,5
Q486362,5
Q488166,5
Q486517,5
Q156156,5
Q24646,5
Q506168,5
Q489864,5
Q507281,5
Q28523,5
Q378438,5
Q111409,5
Q488659,5
Q486011,5
Q486261,5
Q376764,5
Q376330,5
Q485926,5
Q495625,5
Q498020,5
Q374410,5
Q500992,5
Q495985,5
Q485224,5
Q502576,5
Q500751,5
Q502380,5
Q426746,5
Q179954,5
Q513905,5
Q346959,5
Q511487,5
Q337776,5
Q507399,5
Q402938,5
Q26701,5
Q492488,5
Q341755,5
Q501559,5
Q505422,5
Q109795,5
Q502880,5
Q512868,5
Q366959,5
Q496003,5
Q183263,5
Q152891,5
Q490255,5
Q338424,5
Q497208,5
Q484361,5
Q108832,5
Q113773,5
Q108520,5
Q110680,5
Q20828882,5
Q485592,5
Q486087,5
Q486317,5
Q61077,5
Q496009,5
Q496577,5
Q284840,5
Q503870,5
Q504850,5
Q509092,5
Q491872,5
Q110212,5
Q108403,5
Q490703,5
Q511761,5
Q111663,5
Q491126,5
Q484340,5
Q489891,5
Q486431,5
Q488201,5
Q490272,5
Q1471752,5
Q495013,5
Q484300,5
Q179532,5
Q496971,5
Q167565,5
Q156503,5
Q63951,5
Q491936,5
Q503451,5
Q156650,5
Q312509,5
Q487403,5
Q372373,5
Q376947,5
Q486757,5
Q501954,5
Q110570,5
Q487572,5
Q495633,5
Q485795,5
Q483947,5
Q502521,5
Q156613,5
Q501256,5
Q156186,5
Q497607,5
Q61005,5
Q490390,5
Q111729,5
Q110130,5
Q493071,5
Q488206,5
Q112882,5
Q501935,5
Q48902,5
Q506512,5
Q486099,5
Q485042,5
Q376004,5
Q375002,5
Q385365,5
Q497489,5
Q507931,5
Q6352529,5
Q493054,5
Q490014,5
Q489919,5
Q491584,5
Q495906,5
Q502473,5
Q27240,5
Q500686,5
Q488868,5
Q484501,5
Q376483,5
Q490065,5
Q491214,5
Q495799,5
Q488512,5
Q488874,5
Q26705,5
Q108846,5
Q27840,5
Q492310,5
Q505854,5
Q109631,5
Q109457,5
Q195658,5
Q494943,5
Q487243,5
Q491452,5
Q505975,5
Q491882,5
Q260871,5
Q484194,5
Q504450,5
Q485378,5
Q498341,5
Q506291,5
Q156437,5
Q253186,5
Q494923,5
Q492032,5
Q109665,5
Q507427,5
Q108494,5
Q110539,5
Q497602,5
Q495185,5
Q178281,5
Q108957,5
Q494630,5
Q490649,5
Q496161,5
Q495414,5
Q502640,5
Q304289,5
Q495640,5
Q113906,5
Q112823,5
Q111782,5
Q490505,5
Q346925,5
Q491949,5
Q494241,5
Q494768,5
Q502719,5
Q491991,5
Q61354,5
Q389551,5
Q61202,5
Q374460,5
Q48920,5
Q485799,5
Q156463,5
Q109804,5
Q70979,5
Q488792,5
Q113201,5
Q484551,5
Q496104,5
Q491196,5
Q115182,5
Q488922,5
Q506215,5
Q951290,5
Q489318,5
Q110640,5
Q114948,5
Q484263,5
Q503583,5
Q156297,5
Q182644,5
Q491857,5
Q61327,5
Q490181,5
Q54446,5
Q497854,5
Q505968,5
Q507770,5
Q488481,5
Q501055,5
Q2768011,5
Q490494,5
Q506202,5
Q312451,5
Q489613,5
Q510934,5
Q495862,5
Q137516,5
Q485305,5
Q493029,5
Q108618,5
Q503501,5
Q491889,5
Q498141,5
Q506479,5
Q496607,5
Q508288,5
Q491436,5
Q337204,5
Q495105,5
Q431826,5
Q495951,5
Q506151,5
Q501563,5
Q507028,5
Q487322,5
Q108856,5
Q491190,5
Q484268,5
Q133853,5
Q503438,5
Q14774970,5
Q506569,5
Q113237,5
Q495867,5
Q491954,5
Q156273,5
Q108866,5
Q112442,5
Q486389,5
Q124637,5
Q500908,5
Q495409,5
Q382993,5
Q506921,5
Q484290,5
Q498042,5
Q108607,5
Q486167,5
Q156582,5
Q491267,5
Q506385,5
Q504445,5
Q181967,5
Q431440,5
Q490656,5
Q257334,5
Q26519,5
Q61029,5
Q107126,5
Q484388,5
Q495165,5
Q501084,5
Q189869,5
Q495120,5
Q61010,5
Q508209,5
Q512981,5
Q378896,5
Q61370,5
Q485017,5
Q172613,5
Q488499,5
Q115227,5
Q26622,5
Q484342,5
Q109451,5
Q27238,5
Q61381,5
Q497377,5
Q506975,5
Q500654,5
Q501959,5
Q569941,5
Q379474,5
Q505392,5
Q507353,5
Q27051,5
Q130006,5
Q400753,5
Q494624,5
Q48878,5
Q112686,5
Q507616,5
Q484574,5
Q512951,5
Q108111,5
Q402259,5
Q193230,5
Q61379,5
Q490306,5
Q26689,5
Q507826,5
Q491616,5
Q156634,5
Q483937,5
Q306343,5
Q336183,5
Q486218,5
Q494494,5
Q127979,5
Q403184,5
Q486466,5
Q366871,5
Q61521,5
Q488687,5
Q486435,5
Q500670,5
Q26584,5
Q486394,5
Q490405,5
Q109165,5
Q491547,5
Q820502,5
Q847673,5
Q113293,5
Q500569,5
Q489092,5
Q373575,5
Q261380,5
Q111859,5
Q490287,5
Q495273,5
Q491316,5
Q495209,5
Q506552,5
Q490848,5
Q502285,5
Q496758,5
Q27233,5
Q494518,5
Q61032,5
Q506506,5
Q510244,5
Q421974,5
Q387978,5
Q489886,5
Q501331,5
Q16861,5
Q115589,5
Q108408,5
Q484616,5
Q507587,5
Q506987,5
Q251277,5
Q513078,5
Q2935739,5
Q114459,5
Q156213,5
Q109170,5
Q28285,5
Q15055478,5
Q377023,5
Q503505,5
Q27023,5
Q512787,5
Q502348,5
Q489793,5
Q491569,5
Q484346,5
Q486372,5
Q513744,5
Q26885,5
Q109656,5
Q61042,5
Q491276,5
Q337270,5
Q490383,5
Q502077,5
Q156374,5
Q529958,5
Q497216,5
Q932966,5
Q312473,5
Q502459,5
Q510947,5
Q495393,5
Q484521,5
Q108053,5
Q501815,5
Q386885,5
Q58712,5
Q113854,5
Q113151,5
Q112768,5
Q506682,5
Q484124,5
Q61148,5
Q368766,5
Q376505,5
Q507438,5
Q491236,5
Q493250,5
Q495388,5
Q490769,5
Q486843,5
Q54439,5
Q115014,5
Q117917,5
Q486664,5
Q486491,5
Q504441,5
Q336229,5
Q376876,5
Q374908,5
Q484505,5
Q507382,5
Q501345,5
Q486526,5
Q511120,5
Q507733,5
Q500947,5
Q489684,5
Q130009,5
Q507112,5
Q494134,5
Q490150,5
Q501270,5
Q169996,5
Q503329,5
Q156278,5
Q490710,5
Q379654,5
Q375996,5
Q501298,5
Q505347,5
Q179950,5
Q374484,5
Q502294,5
Q26735,5
Q598262,5
Q130083,5
Q496629,5
Q109636,5
Q373348,5
Q484335,5
Q504371,5
Q488560,5
Q495359,5
Q484411,5
Q61084,5
Q280844,5
Q312201,5
Q58696,5
Q507117,5
Q486530,5
Q496644,5
Q485600,5
Q28503,5
Q487283,5
Q492021,5
Q430113,5
Q491508,5
Q511164,5
Q486288,5
Q485596,5
Q485780,5
Q109209,5
Q504422,5
Q61150,5
Q490966,5
Q513891,5
Q61039,5
Q115148,5
Q490869,5
Q113423,5
Q495344,5
Q484586,5
Q500891,5
Q511691,5
Q506574,5
Q495682,5
Q496862,5
Q506235,5
Q489088,5
Q494893,5
Q156568,5
Q421970,5
Q494081,5
Q512885,5
Q485641,5
Q247715,5
Q511788,5
Q490972,5
Q619609,5
Q26616,5
Q115258,5
Q486920,5
Q485896,5
Q311901,5
Q485571,5
Q485558,5
Q509838,5
Q373886,5
Q284806,5
Q495219,5
Q507870,5
Q475301,5
Q112526,5
Q501839,5
Q110403,5
Q495570,5
Q290157,5
Q507000,5
Q507943,5
Q109215,5
Q490215,5
Q504838,5
Q376059,5
Q108612,5
Q43983,5
Q115298,5
Q513805,5
Q504329,5
Q509745,5
Q110504,5
Q503088,5
Q500977,5
Q493125,5
Q490958,5
Q376096,5
Q26740,5
Q112115,5
Q503516,5
Q825807,5
Q63729,5
Q504366,5
Q110412,5
Q485623,5
Q109986,5
Q486293,5
Q61007,5
Q486357,5
Q109512,5
Q486281,5
Q491911,5
Q502419,5
Q487564,5
Q111831,5
Q505438,5
Q108117,5
Q489571,5
Q491073,5
Q512746,5
Q485720,5
Q502360,5
Q54236,5
Q490835,5
Q491556,5
Q497999,5
Q261209,5
Q450374,5
Q488810,5
Q495067,5
Q485491,5
Q486765,5
Q312155,5
Q26631,5
Q112456,5
Q502483,5
Q500838,5
Q109270,5
Q489486,5
Q111851,5
Q110426,5
Q496406,5
Q490360,5
Q489762,5
Q120080,5
Q115428,5
Q156481,5
Q178341,5
Q48863,5
Q302918,5
Q512767,5
Q2613700,5
Q312149,5
Q492493,5
Q110904,5
Q502428,5
Q742532,5
Q113756,5
Q26598,5
Q428902,5
Q156637,5
Q339724,5
Q491525,5
Q486160,5
Q641760,5
Q374547,5
Q498116,5
Q494152,5
Q485038,5
Q383739,5
Q61145,5
Q502431,5
Q490482,5
Q376464,5
Q495649,5
Q484639,5
Q61181,5
Q196014,5
Q303491,5
Q514008,5
Q505405,5
Q271613,5
Q508192,5
Q107146,5
Q485509,5
Q504360,5
Q510885,5
Q61414,5
Q502516,5
Q495285,5
Q111766,5
Q494556,5
Q486048,5
Q61200,5
Q28496,5
Q490652,5
Q110407,5
Q505510,5
Q494620,5
Q511647,5
Q312744,5
Q485944,5
Q494536,5
Q111286,5
Q507811,5
Q505411,5
Q484239,5
Q108784,5
Q506690,5
Q262708,5
Q505453,5
Q495052,5
Q111928,5
Q312746,5
Q188275,5
Q491108,5
Q498077,5
Q108626,5
Q490896,5
Q285625,5
Q502487,5
Q48896,5
Q502715,5
Q498684,5
Q111575,5
Q304791,5
Q486838,5
Q427315,5
Q501575,5
Q109503,5
Q594313,5
Q498307,5
Q490471,5
Q515205,5
Q501248,5
Q489616,5
Q496070,5
Q112069,5
Q110773,5
Q112915,5
Q490522,5
Q500767,5
Q498395,5
Q4783598,5
Q506145,5
Q267164,5
Q489687,5
Q390141,5
Q495851,5
Q484607,5
Q490322,5
Q497702,5
Q507838,5
Q502278,5
Q375652,5
Q484681,5
Q490409,5
Q61131,5
Q511772,5
Q108424,5
Q56145,5
Q498163,5
Q485445,5
Q110750,5
Q485791,5
Q337688,5
Q498155,5
Q111368,5
Q486513,5
Q58688,5
Q485646,5
Q486398,5
Q257311,5
Q138141,5
Q515166,5
Q491903,5
Q1519550,5
Q497953,5
Q115583,5
Q492057,5
Q483923,5
Q159063,5
Q509786,5
Q490450,5
Q504335,5
Q156628,5
Q500784,5
Q27024,5
Q111273,5
Q54246,5
Q111530,5
Q61478,5
Q499551,5
Q495151,5
Q493083,5
Q282188,5
Q1889123,4
Q1307044,4
Q314834,4
Q3210552,4
Q1004657,4
Q192022,4
Q21907073,4
Q309426,4
Q190184,4
Q22939575,4
Q181007,4
Q1165259,4
Q109437,4
Q948975,4
Q652700,4
Q1749041,4
Q11156,4
Q285584,4
Q14857578,4
Q16326137,4
Q2059319,4
Q5544968,4
Q22022180,4
Q200096,4
Q26774910,4
Q2898662,4
Q1338368,4
Q233588,4
Q1591872,4
Q131377,4
Q2608391,4
Q616578,4
Q1294148,4
Q1656994,4
Q18915790,4
Q1197293,4
Q23012051,4
Q1475230,4
Q29658,4
Q582996,4
Q3219475,4
Q6883901,4
Q1981076,4
Q704513,4
Q461204,4
Q18389602,4
Q636714,4
Q1254088,4
Q22671279,4
Q315664,4
Q7049902,4
Q5396588,4
Q11060926,4
Q2629254,4
Q1505923,4
Q644552,4
Q118468,4
Q110436,4
Q819196,4
Q18613571,4
Q236421,4
Q1784824,4
Q743129,4
Q14655414,4
Q206904,4
Q214827,4
Q3460429,4
Q156168,4
Q17112726,4
Q516222,4
Q15621765,4
Q679023,4
Q470891,4
Q52495,4
Q217487,4
Q111259,4
Q150047,4
Q533849,4
Q936302,4
Q86839,4
Q6401630,4
Q673627,4
Q2624961,4
Q115728,4
Q375073,4
Q463615,4
Q16253773,4
Q3736133,4
Q581666,4
Q578312,4
Q223992,4
Q2104675,4
Q5539972,4
Q447300,4
Q13417189,4
Q573558,4
Q10280312,4
Q901010,4
Q603696,4
Q73803,4
Q557784,4
Q3143099,4
Q156163,4
Q2733411,4
Q16708275,4
Q26773037,4
Q1382570,4
Q5636705,4
Q604604,4
Q12103758,4
Q6454446,4
Q582320,4
Q1068224,4
Q575398,4
Q5061887,4
Q650460,4
Q525860,4
Q108871,4
Q1333799,4
Q17426163,4
Q392365,4
Q949879,4
Q3896119,4
Q45318,4
Q4103201,4
Q1228474,4
Q185620,4
Q708306,4
Q18275868,4
Q2655531,4
Q16226475,4
Q34215,4
Q1322906,4
Q6349962,4
Q179570,4
Q29446,4
Q1135808,4
Q3473180,4
Q10262415,4
Q16158068,4
Q1364884,4
Q6536895,4
Q16135003,4
Q31347,4
Q192112,4
Q440344,4
Q3277324,4
Q1685888,4
Q1763638,4
Q263043,4
Q2576334,4
Q761519,4
Q111250,4
Q2537602,4
Q913567,4
Q192686,4
Q1327793,4
Q494364,4
Q5226954,4
Q496031,4
Q1471493,3
Q165817,3
Q1141009,3
Q1133768,3
Q3364446,3
Q192518,3
Q1330981,3
Q1572865,3
Q2962473,3
Q1392744,3
Q91413,3
Q17633148,3
Q917248,3
Q202508,3
Q497051,3
Q18636368,3
Q785072,3
Q11870261,3
Q1208879,3
Q651314,3
Q155743,3
Q180274,3
Q4310431,3
Q19661230,3
Q186312,3
Q1337955,3
Q574879,3
Q189616,3
Q3149623,3
Q182212,3
Q2915418,3
Q265453,3
Q5480495,3
Q158822,3
Q435468,3
Q6323192,3
Q3736809,3
Q939084,3
Q1780249,3
Q3990397,3
Q2003436,3
Q390341,3
Q948726,3
Q740104,3
Q1788811,3
Q134905,3
Q5254567,3
Q318467,3
Q1197861,3
Q20650698,3
Q656118,3
Q1367548,3
Q15921329,3
Q19053,3
Q10387302,3
Q170509,3
Q506511,3
Q16971610,3
Q25928887,3
Q554077,3
Q3202947,3
Q621498,3
Q210678,3
Q1077596,3
Q732708,3
Q4957361,3
Q1120536,3
Q132679,3
Q961786,3
Q215897,3
Q913440,3
Q169577,3
Q280186,3
Q1588856,3
Q11648811,3
Q400261,3
Q722121,3
Q13223601,3
Q4662712,3
Q6130509,3
Q3422730,3
Q1300148,3
Q221384,3
Q21585380,3
Q1345409,3
Q125445,3
Q10546516,3
Q3972788,3
Q24284216,3
Q1757544,3
Q257630,3
Q174331,3
Q535577,3
Q22233706,3
Q19852428,3
Q3300815,3
Q5538494,3
Q6479799,3
Q163560,3
Q6153869,3
Q374365,3
Q26835506,3
Q753899,3
Q222800,3
Q778979,3
Q499517,3
Q1121835,3
Q20021863,3
Q391338,3
Q3206986,3
Q44447,3
Q16537366,3
Q192981,3
Q1647948,3
Q6536616,3
Q3061609,3
Q6131874,3
Q957894,3
Q1421355,3
Q4070192,3
Q1213633,3
Q1168705,3
Q191504,3
Q1398332,3
Q130025,3
Q134456,3
Q970717,3
Q1660297,3
Q464913,3
Q9427,3
Q322206,3
Q18155770,3
Q14948553,3
Q26222244,3
Q3820032,3
Q9587596,3
Q1137899,3
Q855003,3
Q184843,3
Q264766,3
Q822842,3
Q5421429,3
Q17607210,3
Q17277933,3
Q688060,3
Q5475673,3
Q18536420,3
Q313852,3
Q1107829,3
Q9900,3
Q3241699,3
Q171453,3
Q1754442,3
Q283036,3
Q1368798,3
Q4132,3
Q3389800,3
Q172975,3
Q2030964,3
Q3140771,3
Q2974704,3
Q188273,3
Q12116433,3
Q452171,3
Q751197,3
Q6303378,3
Q1916959,3
Q318910,3
Q879174,3
Q156439,3
Q880426,3
Q279057,3
Q16990927,3
Q907640,3
Q36204,3
Q1140744,3
Q7350062,3
Q505617,3
Q4877021,3
Q626215,3
Q15262812,3
Q6220244,3
Q5859,3
Q189849,3
Q16090051,3
Q5288370,3
Q441185,3
Q16395232,3
Q7091872,3
Q14623630,3
Q4905758,3
Q20111693,3
Q2665150,3
Q132266,3
Q864680,3
Q768931,3
Q1133132,3
Q505175,3
Q811023,3
Q3446930,3
Q1783832,3
Q1030652,3
Q1416896,3
Q1141457,3
Q6810919,3
Q843612,3
Q5108848,3
Q2521895,3
Q301815,3
Q276032,3
Q2056364,3
Q278774,3
Q6092092,3
Q947732,3
Q4046338,3
Q739275,3
Q466593,3
Q12127045,3
Q159638,3
Q797120,3
Q7285399,3
Q20899498,3
Q318422,3
Q514741,3
Q28061,3
Q1025825,3
Q1846128,3
Q5439352,3
Q173532,3
Q10951073,3
Q1057015,3
Q957543,3
Q1139652,3
Q1446749,3
Q205150,3
Q16604373,3
Q106349,3
Q43278,3
Q106481,3
Q6850973,3
Q3451825,3
Q3068796,3
Q851611,3
Q5317616,3
Q282705,3
Q692275,3
Q362190,3
Q465009,3
Q381185,3
Q18358801,3
Q1075023,3
Q837627,3
Q1718337,3
Q421944,3
Q1453235,3
Q729782,3
Q933116,3
Q7342731,3
Q845355,3
Q112284,3
Q56004,3
Q336517,3
Q762660,3
Q959853,3
Q19824642,3
Q2513,3
Q5474120,3
Q129074,3
Q3424894,3
Q5536624,3
Q1876361,3
Q522389,3
Q26837026,2
Q7026080,2
Q61757,2
Q22231643,2
Q15991633,2
Q5474,2
Q690463,2
Q454162,2
Q4954719,2
Q22234726,2
Q3037444,2
Q603865,2
Q26847141,2
Q602236,2
Q6729553,2
Q18744900,2
Q6798475,2
Q3072245,2
Q14566553,2
Q1778544,2
Q5755883,2
Q21791432,2
Q2831106,2
Q206124,2
Q431804,2
Q14914918,2
Q4680027,2
Q316785,2
Q3164471,2
Q18203180,2
Q467947,2
Q1393655,2
Q178940,2
Q3263477,2
Q4889361,2
Q532440,2
Q18413811,2
Q927535,2
Q21652228,2
Q110138,2
Q19355766,2
Q313348,2
Q382176,2
Q69799,2
Q1336939,2
Q73009,2
Q598892,2
Q468697,2
Q2905517,2
Q193573,2
Q32295,2
Q2671615,2
Q494722,2
Q2977844,2
Q1882866,2
Q20820757,2
Q6109663,2
Q4504989,2
Q391406,2
Q753162,2
Q2731368,2
Q332381,2
Q10681375,2
Q5216041,2
Q3174051,2
Q924276,2
Q13445805,2
Q3174958,2
Q1684617,2
Q174139,2
Q374034,2
Q11257230,2
Q9037283,2
Q7325552,2
Q1427248,2
Q3441783,2
Q742195,2
Q584212,2
Q3820860,2
Q320049,2
Q3188907,2
Q468851,2
Q1542340,2
Q16221518,2
Q21063851,2
Q2060495,2
Q17053260,2
Q1137844,2
Q22284390,2
Q697646,2
Q3266461,2
Q6247448,2
Q1753075,2
Q5099196,2
Q365616,2
Q31481,2
Q4750685,2
Q2844865,2
Q3611615,2
Q1279597,2
Q1277329,2
Q5200617,2
Q1796783,2
Q500397,2
Q447441,2
Q910189,2
Q16045281,2
Q2865398,2
Q25436,2
Q3829799,2
Q917369,2
Q1220796,2
Q14951473,2
Q1357170,2
Q576975,2
Q5111183,2
Q179051,2
Q2900688,2
Q2740012,2
Q16999215,2
Q381002,2
Q433634,2
Q26708474,2
Q532827,2
Q4778356,2
Q3193645,2
Q9698204,2
Q1441731,2
Q832262,2
Q16204677,2
Q962130,2
Q28891,2
Q474632,2
Q11730120,2
Q15046541,2
Q894983,2
Q1726,2
Q747875,2
Q925562,2
Q938685,2
Q333661,2
Q1395690,2
Q20668249,2
Q258448,2
Q390264,2
Q844319,2
Q16146317,2
Q3188584,2
Q880636,2
Q558634,2
Q463938,2
Q528036,2
Q1974274,2
Q5339373,2
Q1588759,2
Q4266474,2
Q208181,2
Q793827,2
Q90458,2
Q379759,2
Q2922080,2
Q957416,2
Q3977774,2
Q21772266,2
Q244952,2
Q87143,2
Q2831368,2
Q376982,2
Q3451142,2
Q16529303,2
Q1197489,2
Q5216712,2
Q5388495,2
Q3231865,2
Q458668,2
Q15561844,2
Q3142623,2
Q5160024,2
Q20120108,2
Q12101280,2
Q461777,2
Q5044106,2
Q4753356,2
Q25184218,2
Q1146315,2
Q17019453,2
Q1468943,2
Q1745447,2
Q180338,2
Q107194,2
Q2231608,2
Q192764,2
Q4739326,2
Q3076575,2
Q2101,2
Q273779,2
Q42478,2
Q7293002,2
Q14500403,2
Q1516214,2
Q274334,2
Q1257189,2
Q1125566,2
Q854267,2
Q435829,2
Q3412658,2
Q3447237,2
Q771541,2
Q15406540,2
Q2811296,2
Q20878270,2
Q17110953,2
Q3368051,2
Q5044254,2
Q731250,2
Q3211936,2
Q981256,2
Q932444,2
Q173136,2
Q7350870,2
Q917429,2
Q4996805,2
Q3844609,2
Q22340635,2
Q497401,2
Q4528,2
Q936285,2
Q5753301,2
Q3234736,2
Q7307367,2
Q770661,2
Q562529,2
Q5832,2
Q6874744,2
Q25496,2
Q20047076,2
Q155699,2
Q184429,2
Q366833,2
Q150,2
Q80258,2
Q12012208,2
Q77719,2
Q837642,2
Q935153,2
Q3061659,2
Q59318,2
Q3567130,2
Q593147,2
Q22947273,2
Q1138083,2
Q244398,2
Q874027,2
Q3187923,2
Q933550,2
Q17052504,2
Q3704828,2
Q5860443,2
Q3055361,2
Q12125635,2
Q485580,2
Q676520,2
Q1976980,2
Q20979605,2
Q4744225,2
Q2671993,2
Q3580019,2
Q552025,2
Q111,2
Q5245262,2
Q750248,2
Q1214169,2
Q276553,2
Q16228915,2
Q157886,2
Q5826819,2
Q712889,2
Q13370821,2
Q3210332,2
Q288473,2
Q828417,2
Q474205,2
Q3099095,2
Q667799,2
Q3965031,2
Q13374569,2
Q1643166,2
Q500376,2
Q6221152,2
Q185764,2
Q314418,2
Q475453,2
Q4894234,2
Q5329771,2
Q3119914,2
Q2794995,2
Q155158,2
Q778743,2
Q109079,2
Q537407,2
Q2916296,2
Q3830066,2
Q19894254,2
Q728404,2
Q697501,2
Q926083,2
Q1361175,2
Q467111,2
Q3530081,2
Q2030365,2
Q5725,2
Q5091444,2
Q46275,2
Q317343,2
Q22947532,2
Q328488,2
Q3116390,2
Q244140,2
Q128518,2
Q2633684,2
Q1010335,2
Q102419,2
Q164161,2
Q14955215,2
Q1194465,2
Q5705,2
Q215992,2
Q16219562,2
Q632737,2
Q19985044,2
Q3221216,2
Q25171991,2
Q921765,2
Q4766801,2
Q17639196,2
Q2578788,2
Q26912077,2
Q126084,2
Q961671,2
Q685476,2
Q768899,2
Q3270827,2
Q3046409,2
Q2846031,2
Q17548046,2
Q3629631,2
Q102483,2
Q7115336,2
Q6763283,2
Q21034398,2
Q2,2
Q3449719,2
Q928664,2
Q310158,2
Q503387,2
Q4884160,2
Q501344,2
Q3294463,2
Q5722472,2
Q1123956,2
Q19094,2
Q597023,2
Q5666715,2
Q2980643,2
Q84482,2
Q2956419,2
Q3772,2
Q14927595,2
Q6055748,2
Q326571,2
Q10620357,2
Q301049,2
Q25171922,2
Q6240035,2
Q166262,2
Q6682907,2
Q3047459,2
Q1138425,2
Q2345,2
Q2017566,2
Q2976885,2
Q3608281,2
Q4171787,2
Q16386722,2
Q11393,2
Q1893059,2
Q520035,2
Q3390497,2
Q110374,2
Q358253,2
Q794629,2
Q3448228,2
Q298818,2
Q40228,2
Q21727692,2
Q159070,2
Q6746339,2
Q3142092,2
Q1541665,2
Q4580,2
Q3136063,2
Q3370031,2
Q21283500,2
Q509922,2
Q260318,2
Q104668,2
Q211222,2
Q109116,2
Q21573908,2
Q2004681,2
Q562033,2
Q586575,2
Q11215,2
Q458494,2
Q739065,2
Q2839083,2
Q498297,2
Q15130913,2
Q333968,2
Q1093977,2
Q5166984,2
Q3588444,2
Q5536056,2
Q4413339,2
Q20090091,2
Q1187592,2
Q316013,2
Q14949869,2
Q495241,2
Q753895,2
Q20739542,2
Q7154299,2
Q59084,2
Q704166,2
Q19044,2
Q1299740,2
Q484987,2
Q25051171,2
Q3449428,2
Q1664773,2
Q2914326,2
Q209643,2
Q645263,2
Q192201,2
Q2039513,2
Q14387340,2
Q18149041,2
Q2684610,2
Q1283552,2
Q1334948,2
Q21869292,2
Q61389,2
Q215429,2
Q2594947,2
Q15406043,2
Q375634,2
Q16510485,2
Q275,2
Q353164,2
Q600189,2
Q1163943,2
Q25171979,2
Q439095,2
Q106454,2
Q919064,2
Q736274,2
Q20253947,2
Q19371653,2
Q20737624,2
Q492908,2
Q215315,2
Q4747068,2
Q3087739,2
Q24963283,2
Q703634,2
Q9202,2
Q17450844,2
Q914231,2
Q83656,2
Q3320601,2
Q611043,2
Q854672,2
Q1575925,2
Q300552,2
Q23880,2
Q1914469,2
Q5937625,2
Q2851492,2
Q441780,2
Q20830260,2
Q1385729,2
Q966721,2
Q5449406,2
Q6817875,2
Q503835,2
Q203197,2
Q622814,2
Q128854,2
Q171477,2
Q2723413,2
Q3570803,2
Q3099085,2
Q8990291,2
Q336497,2
Q25172000,2
Q76323,2
Q268987,2
Q464942,2
Q3159830,2
Q6834055,2
Q1921177,2
Q457362,2
Q1141731,2
Q127754,2
Q17893055,2
Q150214,2
Q5031988,2
Q3417223,2
Q142695,2
Q5455885,2
Q156292,2
Q19544230,2
Q200693,2
Q649254,2
Q788822,2
Q354043,2
Q4552091,2
Q178835,2
Q304074,2
Q3752603,2
Q826452,2
Q1156769,2
Q107370,2
Q3266433,2
Q182580,2
Q22953730,2
Q80201,2
Q5583506,2
Q47492,2
Q1311890,2
Q3447013,2
Q852546,2
Q1127828,2
Q3953036,2
Q1757053,2
Q1255212,2
Q464014,2
Q1869916,2
Q3990692,2
Q1687611,2
Q20670796,2
Q598865,2
Q709880,2
Q165855,2
Q960125,2
Q39013,2
Q1169658,2
Q1060820,2
Q188754,2
Q4975691,2
Q2858086,2
Q3869964,2
Q1067812,2
Q14775069,2
Q1129992,2
Q838256,2
Q288229,2
Q2559020,2
Q861570,2
Q5351536,2
Q1584983,2
Q217020,2
Q475789,2
Q1686476,2
Q2975153,2
Q607419,2
Q328577,2
Q433530,2
Q3027574,2
Q17080,2
Q717147,2
Q4898702,2
Q16938834,2
Q1046818,2
Q138024,2
Q869862,2
Q3295235,2
Q528068,2
Q3447191,2
Q58833,2
Q5540479,2
Q3092286,2
Q824602,2
Q4685234,2
Q5979948,2
Q3158354,2
Q20188305,2
Q556933,2
Q21095454,2
Q3084105,2
Q25171995,2
Q510864,2
Q5887360,2
Q3527668,2
Q14826360,2
Q3448461,2
Q2822966,2
Q1274573,2
Q919049,2
Q15198730,2
Q478333,2
Q62861,2
Q174779,2
Q16615831,2
Q13564444,2
Q834521,2
Q3288844,2
Q945514,2
Q3212493,2
Q16186565,2
Q471717,2
Q3390296,2
Q15407653,2
Q1988265,2
Q1182106,2
Q1691470,2
Q1311374,2
Q4913090,2
Q1572946,2
Q6131364,2
Q9013673,2
Q130311,2
Q48605,2
Q361100,2
Q936808,2
Q6254437,2
Q3418196,2
Q686914,2
Q724484,2
Q101022,2
Q3609433,2
Q22277091,2
Q3168354,2
Q15488995,2
Q1061531,2
Q19899267,2
Q1763992,2
Q1595417,2
Q350966,2
Q398754,2
Q440375,2
Q27964,2
Q6223595,2
Q846901,2
Q7033473,2
Q3295237,2
Q21296543,2
Q40729,2
Q2071669,2
Q4373375,2
Q186572,2
Q22986649,2
Q17525022,2
Q726842,2
Q239748,2
Q751146,2
Q21061767,2
Q10478687,2
Q3174971,2
Q7336228,2
Q7044789,2
Q547033,2
Q1338338,2
Q5284,2
Q7211919,2
Q3105685,2
Q44301,2
Q13550796,2
Q297357,2
Q276343,2
Q21535093,1
Q1850,1
Q336534,1
Q11621,1
Q5826096,1
Q443007,1
Q5933795,1
Q232250,1
Q18641076,1
Q16918912,1
Q7324263,1
Q922877,1
Q224912,1
Q1515266,1
Q1765358,1
Q532474,1
Q3161716,1
Q17450779,1
Q6220390,1
Q1842,1
Q7341,1
Q1131162,1
Q791573,1
Q1571704,1
Q6476137,1
Q5191522,1
Q858467,1
Q10472489,1
Q6119733,1
Q2708256,1
Q26222352,1
Q7296300,1
Q109721,1
Q972641,1
Q375428,1
Q655398,1
Q641575,1
Q189330,1
Q712989,1
Q506867,1
Q10989715,1
Q943327,1
Q1080454,1
Q5647612,1
Q3037933,1
Q6145529,1
Q192490,1
Q6163896,1
Q4659765,1
Q2000425,1
Q13091172,1
Q5263905,1
Q21872954,1
Q12957721,1
Q278830,1
Q6389853,1
Q7089112,1
Q845204,1
Q1923232,1
Q1617489,1
Q874588,1
Q2852528,1
Q104419,1
Q231415,1
Q154835,1
Q1129080,1
Q6834126,1
Q1248926,1
Q22570225,1
Q4149872,1
Q3186462,1
Q4889184,1
Q3108691,1
Q155169,1
Q5944261,1
Q16221870,1
Q25324828,1
Q3742336,1
Q257515,1
Q2066193,1
Q15040656,1
Q22570230,1
Q15122511,1
Q1614152,1
Q18385827,1
Q5489946,1
Q270470,1
Q1780390,1
Q1346625,1
Q3439676,1
Q3568564,1
Q1230959,1
Q5294998,1
Q22336880,1
Q16142102,1
Q648619,1
Q5451052,1
Q180004,1
Q1610505,1
Q5277680,1
Q180143,1
Q6008967,1
Q958959,1
Q6795320,1
Q512429,1
Q3207392,1
Q6763730,1
Q2131394,1
Q5310400,1
Q3271836,1
Q22893875,1
Q1179827,1
Q123481,1
Q570163,1
Q266834,1
Q351978,1
Q16266012,1
Q16326146,1
Q4376535,1
Q16920301,1
Q5333732,1
Q5298559,1
Q851864,1
Q2861796,1
Q318181,1
Q185037,1
Q170821,1
Q375566,1
Q823292,1
Q3930638,1
Q17355540,1
Q7184,1
Q964881,1
Q3270208,1
Q16185504,1
Q6763837,1
Q260601,1
Q3023039,1
Q9276,1
Q6849506,1
Q1571693,1
Q718749,1
Q4660453,1
Q1635777,1
Q3858841,1
Q1825264,1
Q19660916,1
Q7204254,1
Q6135803,1
Q11057917,1
Q19867764,1
Q6864773,1
Q7336831,1
Q6309763,1
Q471897,1
Q26214467,1
Q18599759,1
Q965481,1
Q1386895,1
Q3385395,1
Q18703062,1
Q4837463,1
Q4908599,1
Q550058,1
Q127421,1
Q465417,1
Q232774,1
Q3387455,1
Q436897,1
Q5496726,1
Q726333,1
Q893790,1
Q909445,1
Q162729,1
Q6069482,1
Q17450813,1
Q493803,1
Q178663,1
Q970788,1
Q19614711,1
Q451476,1
Q4022680,1
Q1066402,1
Q1377195,1
Q5236888,1
Q5628284,1
Q6949658,1
Q17168761,1
Q15620419,1
Q5782319,1
Q682918,1
Q7292518,1
Q1777112,1
Q15430315,1
Q462483,1
Q735613,1
Q16890935,1
Q20642474,1
Q1393003,1
Q213076,1
Q4898905,1
Q426064,1
Q4087048,1
Q6966149,1
Q143,1
Q3051762,1
Q207983,1
Q16254251,1
Q975817,1
Q26769085,1
Q48973,1
Q272931,1
Q1715136,1
Q1120950,1
Q4807447,1
Q7298432,1
Q193020,1
Q49740,1
Q17305929,1
Q22570215,1
Q5418455,1
Q1707497,1
Q6222548,1
Q1030228,1
Q349217,1
Q18744694,1
Q7334902,1
Q212896,1
Q17057630,1
Q483604,1
Q4381702,1
Q5294673,1
Q316083,1
Q49766,1
Q262886,1
Q3736454,1
Q950341,1
Q18759612,1
Q7184545,1
Q375641,1
Q3710069,1
Q188978,1
Q607119,1
Q331423,1
Q1126725,1
Q6778572,1
Q476205,1
Q7273565,1
Q873358,1
Q17581456,1
Q15960598,1
Q1091097,1
Q590869,1
Q534324,1
Q3603120,1
Q590444,1
Q6835374,1
Q3196629,1
Q4965372,1
Q379080,1
Q21176468,1
Q918352,1
Q492720,1
Q60128,1
Q3854069,1
Q5294487,1
Q548257,1
Q5111205,1
Q602876,1
Q1712530,1
Q1343304,1
Q12127280,1
Q335503,1
Q20713524,1
Q5331810,1
Q24963287,1
Q627636,1
Q47087,1
Q920526,1
Q2894932,1
Q551762,1
Q18129096,1
Q1338293,1
Q6772003,1
Q5931210,1
Q18736942,1
Q461872,1
Q1038530,1
Q313407,1
Q1062467,1
Q1211023,1
Q3013001,1
Q2036001,1
Q7322571,1
Q2119044,1
Q20631102,1
Q947855,1
Q216720,1
Q2536184,1
Q19660912,1
Q3079968,1
Q6575816,1
Q6961472,1
Q218677,1
Q7096173,1
Q5157121,1
Q1688648,1
Q89675,1
Q18389006,1
Q2016441,1
Q14602154,1
Q1443510,1
Q1452087,1
Q4772606,1
Q1553586,1
Q4353110,1
Q3201237,1
Q19806082,1
Q1728768,1
Q4966740,1
Q133588,1
Q230,1
Q599431,1
Q6292873,1
Q17168699,1
Q20711488,1
Q23565,1
Q2121795,1
Q14772351,1
Q725153,1
Q3520515,1
Q20089238,1
Q58427,1
Q16089956,1
Q261019,1
Q1027230,1
Q553196,1
Q3852249,1
Q165713,1
Q5609045,1
Q1600843,1
Q5814956,1
Q963,1
Q1049445,1
Q7376407,1
Q11870042,1
Q13651354,1
Q2067539,1
Q16250104,1
Q709928,1
Q475411,1
Q6048820,1
Q451540,1
Q515779,1
Q2078417,1
Q2563053,1
Q19750197,1
Q3320897,1
Q675468,1
Q776179,1
Q5531168,1
Q17386189,1
Q165911,1
Q2584342,1
Q6182116,1
Q1898148,1
Q16566094,1
Q3148192,1
Q2061104,1
Q5540981,1
Q244975,1
Q7267252,1
Q433336,1
Q766096,1
Q6767179,1
Q2151006,1
Q3701365,1
Q3766191,1
Q1778444,1
Q19276262,1
Q2027,1
Q6028571,1
Q7344782,1
Q3435507,1
Q782536,1
Q1406916,1
Q20985514,1
Q2977597,1
Q2066061,1
Q2847854,1
Q466998,1
Q5728035,1
Q26868817,1
Q3435065,1
Q1048329,1
Q32110,1
Q3157276,1
Q961265,1
Q6250314,1
Q16239255,1
Q478076,1
Q57229,1
Q120216,1
Q6842739,1
Q18604504,1
Q888136,1
Q15039025,1
Q22342319,1
Q6046939,1
Q192403,1
Q1642149,1
Q1144967,1
Q155582,1
Q3620069,1
Q3560452,1
Q13013856,1
Q937340,1
Q12124934,1
Q6798478,1
Q16678712,1
Q168073,1
Q2160077,1
Q5702569,1
Q928545,1
Q1321517,1
Q20747608,1
Q10428,1
Q15948938,1
Q499305,1
Q22336915,1
Q776157,1
Q16000011,1
Q929818,1
Q75888,1
Q7179859,1
Q10435,1
Q195281,1
Q400332,1
Q5052757,1
Q24689749,1
Q5053579,1
Q1580587,1
Q62352,1
Q15052874,1
Q464378,1
Q2069811,1
Q19749379,1
Q5734930,1
Q5094855,1
Q1166236,1
Q5257260,1
Q18819083,1
Q1064771,1
Q6960359,1
Q245340,1
Q20961690,1
Q7342420,1
Q15497931,1
Q2623789,1
Q4420282,1
Q6109603,1
Q6030661,1
Q2566231,1
Q918519,1
Q544434,1
Q170899,1
Q3794381,1
Q469624,1
Q332591,1
Q19873764,1
Q5262414,1
Q78319,1
Q6152777,1
Q23071912,1
Q3334912,1
Q213787,1
Q5589843,1
Q3236273,1
Q773635,1
Q1292456,1
Q674846,1
Q19748942,1
Q20649227,1
Q1490,1
Q420497,1
Q1029972,1
Q782338,1
Q20882664,1
Q4357746,1
Q175230,1
Q3190019,1
Q719643,1
Q6397066,1
Q400101,1
Q17279218,1
Q197491,1
Q7143927,1
Q923276,1
Q1699525,1
Q6259621,1
Q6474763,1
Q19801765,1
Q883994,1
Q2942039,1
Q18391,1
Q21282973,1
Q11538917,1
Q5624011,1
Q6222035,1
Q7349738,1
Q17248394,1
Q4280417,1
Q18127762,1
Q9278,1
Q6792918,1
Q379502,1
Q588417,1
Q2075458,1
Q6850702,1
Q18149766,1
Q6048194,1
Q641182,1
Q2656321,1
Q5233126,1
Q15581238,1
Q334155,1
Q20814882,1
Q447638,1
Q135786,1
Q1376044,1
Q3553597,1
Q381234,1
Q962081,1
Q216569,1
Q11924870,1
Q1377926,1
Q575352,1
Q5256874,1
Q3568976,1
Q6193718,1
Q18809349,1
Q1213584,1
Q7346210,1
Q5345878,1
Q2705297,1
Q18292009,1
Q5300872,1
Q4117145,1
Q242434,1
Q1145124,1
Q17320100,1
Q11879152,1
Q2087422,1
Q10749,1
Q16105396,1
Q229633,1
Q218568,1
Q5095187,1
Q18611374,1
Q10374863,1
Q206515,1
Q4663106,1
Q273243,1
Q16094036,1
Q8918,1
Q16531913,1
Q9285,1
Q339358,1
Q26178986,1
Q480273,1
Q4795448,1
Q6226948,1
Q482630,1
Q241958,1
Q1525978,1
Q19572278,1
Q3619301,1
Q259988,1
Q6407869,1
Q6361142,1
Q6105743,1
Q182153,1
Q1367175,1
Q171890,1
Q6260462,1
Q3181699,1
Q7111893,1
Q5611721,1
Q2076076,1
Q821856,1
Q3369125,1
Q15729320,1
Q550992,1
Q312833,1
Q12476698,1
Q19660917,1
Q19749685,1
Q327953,1
Q10397281,1
Q1369276,1
Q953697,1
Q5925562,1
Q4916288,1
Q561775,1
Q961661,1
Q6847223,1
Q539214,1
Q1094356,1
Q5295217,1
Q5563094,1
Q20022643,1
Q6456698,1
Q178589,1
Q1775750,1
Q1311249,1
Q1650092,1
Q6059184,1
Q11792038,1
Q1809703,1
Q3142438,1
Q727079,1
Q129228,1
Q5408602,1
Q571434,1
Q541032,1
Q7344848,1
Q3123761,1
Q5984809,1
Q875055,1
Q1653136,1
Q22673982,1
Q6141924,1
Q3433244,1
Q7175431,1
Q2926439,1
Q1040407,1
Q2875,1
Q11009058,1
Q356762,1
Q3433306,1
Q18542842,1
Q721774,1
Q784509,1
Q4498904,1
Q497288,1
Q22336807,1
Q110318,1
Q182814,1
Q3084069,1
Q3012832,1
Q1606202,1
Q3341613,1
Q735036,1
Q1205345,1
Q1346122,1
Q91647,1
Q318067,1
Q4307084,1
Q2902356,1
Q1057287,1
Q215017,1
Q213864,1
Q1165204,1
Q12678362,1
Q18808363,1
Q4352429,1
Q11963136,1
Q20648015,1
Q751346,1
Q16889751,1
Q955864,1
Q514993,1
Q3385801,1
Q6063372,1
Q7272161,1
Q454740,1
Q4499813,1
Q15728910,1
Q17248847,1
Q5107033,1
Q155605,1
Q15130917,1
Q202649,1
Q11854485,1
Q103759,1
Q1068407,1
Q5515624,1
Q14948591,1
Q5300959,1
Q7313794,1
Q6409990,1
Q48246,1
Q1806231,1
Q18685485,1
Q1341845,1
Q124276,1
Q6473638,1
Q725120,1
Q4137549,1
Q6933463,1
Q246595,1
Q704639,1
Q971899,1
Q309926,1
Q477578,1
Q5055759,1
Q457000,1
Q799893,1
Q669836,1
Q6236443,1
Q3155355,1
Q4771294,1
Q605515,1
Q16326193,1
Q573056,1
Q399427,1
Q20966579,1
Q381097,1
Q18378222,1
Q3014202,1
Q523055,1
Q3226730,1
Q4491068,1
Q1366724,1
Q4764696,1
Q159095,1
Q17248694,1
Q124013,1
Q18153917,1
Q359442,1
Q3497865,1
Q3273349,1
Q5215288,1
Q3465266,1
Q17319065,1
Q15462279,1
Q223385,1
Q223988,1
Q5316844,1
Q3819108,1
Q142539,1
Q10346515,1
Q5203596,1
Q18378012,1
Q3295823,1
Q7339708,1
Q39269,1
Q12100803,1
Q12634243,1
Q3433460,1
Q426837,1
Q500612,1
Q5556578,1
Q202409,1
Q80956,1
Q7151663,1
Q313661,1
Q18809324,1
Q5326465,1
Q5871596,1
Q18703217,1
Q7360525,1
Q981845,1
Q519268,1
Q9333311,1
Q19891291,1
Q5594695,1
Q4535641,1
Q336438,1
Q3438494,1
Q407116,1
Q6239734,1
Q4355926,1
Q201217,1
Q2847564,1
Q1673273,1
Q964745,1
Q4725072,1
Q6246853,1
Q21997773,1
Q2896340,1
Q5242099,1
Q1462622,1
Q525528,1
Q7329912,1
Q192138,1
Q128888,1
Q21405490,1
Q11833214,1
Q507695,1
Q1428326,1
Q1639167,1
Q514253,1
Q6759375,1
Q451182,1
Q16980111,1
Q960293,1
Q1372466,1
Q7342730,1
Q2964991,1
Q4271831,1
Q40984,1
Q218894,1
Q6229489,1
Q2946141,1
Q5419527,1
Q20579830,1
Q358221,1
Q6189477,1
Q17450799,1
Q4140831,1
Q16952632,1
Q64240,1
Q6311544,1
Q3184047,1
Q578977,1
Q1832226,1
Q652464,1
Q5085862,1
Q5293402,1
Q6004142,1
Q3934005,1
Q1166588,1
Q191819,1
Q16202913,1
Q316317,1
Q6384223,1
Q3490066,1
Q1059497,1
Q3087714,1
Q2559937,1
Q16257995,1
Q432582,1
Q954849,1
Q18002970,1
Q6768662,1
Q1684374,1
Q1585854,1
Q6409654,1
Q2978003,1
Q69307,1
Q6520777,1
Q18945688,1
Q7195807,1
Q19878293,1
Q448205,1
Q5417525,1
Q44396,1
Q422969,1
Q23619215,1
Q886597,1
Q752318,1
Q3494795,1
Q179382,1
Q3741,1
Q1252526,1
Q265270,1
Q34225,1
Q19518240,1
Q6119366,1
Q470132,1
Q6373506,1
Q830376,1
Q221697,1
Q5241106,1
Q167475,1
Q10425,1
Q3419572,1
Q17418129,1
Q16212089,1
Q18705147,1
Q438786,1
Q3134596,1
Q41242,1
Q7298125,1
Q18809196,1
Q562587,1
Q3763554,1
Q540125,1
Q1678015,1
Q28441,1
Q57100,1
Q42646,1
Q19961527,1
Q34253,1
Q3048338,1
Q2895236,1
Q3051188,1
Q1990942,1
Q18201769,1
Q20058652,1
Q1473804,1
Q3495406,1
Q1919690,1
Q14945820,1
Q5978237,1
Q923351,1
Q5446705,1
Q5557776,1
Q96610,1
Q1424930,1
Q2897977,1
Q2929783,1
Q16090111,1
Q5481327,1
Q1346454,1
Q377765,1
Q1430756,1
Q6396325,1
Q174385,1
Q13511797,1
Q655478,1
Q4312193,1
Q3751276,1
Q1046883,1
Q22570258,1
Q2847360,1
Q18389257,1
Q49081,1
Q707310,1
Q4647628,1
Q466510,1
Q6928693,1
Q5067766,1
Q713470,1
Q1615,1
Q1999287,1
Q59721,1
Q879921,1
Q6056153,1
Q11237995,1
Q24181507,1
Q5523920,1
Q7327091,1
Q467786,1
Q3015170,1
Q1226066,1
Q19573621,1
Q6445147,1
Q532218,1
Q1353252,1
Q207954,1
Q206653,1
Q4906613,1
Q106742,1
Q1394927,1
Q22002439,1
Q1237656,1
Q61555,1
Q455584,1
Q3086896,1
Q20750825,1
Q3098690,1
Q18818776,1
Q1962088,1
Q22079742,1
Q1308038,1
Q744701,1
Q4767699,1
Q515363,1
Q6219242,1
Q18169381,1
Q3666683,1
Q334,1
Q4441294,1
Q122713,1
Q198560,1
Q5181158,1
Q18809099,1
Q2744537,1
Q888686,1
Q6550100,1
Q3433444,1
Q1884662,1
Q5522904,1
Q6694847,1
Q3764588,1
Q6203,1
Q7234573,1
Q22570244,1
Q223204,1
Q913324,1
Q13049644,1
Q5394202,1
Q7094390,1
Q20631209,1
Q116768,1
Q4953265,1
Q6130828,1
Q455687,1
Q5230510,1
Q3591105,1
Q22336756,1
Q4357099,1
Q4392516,1
Q6536168,1
Q3125887,1
Q7026791,1
Q3940717,1
Q7137126,1
Q229808,1
Q1624919,1
Q1700988,1
Q646972,1
Q15266140,1
Q92646,1
Q944894,1
Q19864734,1
Q18809323,1
Q18109363,1
Q466409,1
Q13541959,1
Q21931994,1
Q4659038,1
Q15562593,1
Q18809105,1
Q945690,1
Q847465,1
Q17051558,1
Q1993712,1
Q4790997,1
Q17250109,1
Q476652,1
Q4794662,1
Q10551383,1
Q5090855,1
Q19263959,1
Q732554,1
Q314524,1
Q524966,1
Q17450789,1
Q20024443,1
Q22336928,1
Q6875756,1
Q5681533,1
Q959863,1
Q1049650,1
Q3940236,1
Q529027,1
Q1552785,1
Q15838527,1
Q3102099,1
Q102410,1
Q1136882,1
Q42051,1
Q10450,1
Q3178863,1
Q5486229,1
Q125664,1
Q12170857,1
Q7198019,1
Q9263269,1
Q3737854,1
Q15927938,1
Q2650747,1
Q18729756,1
Q4095702,1
Q693549,1
Q6760903,1
Q2861634,1
Q240951,1
Q48267,1
Q958812,1
Q18602706,1
Q1399728,1
Q464032,1
Q20022616,1
Q6966377,1
Q913065,1
Q3929809,1
Q13218237,1
Q677806,1
Q122894,1
Q1074029,1
Q647979,1
Q197108,1
Q4901336,1
Q2900148,1
Q19590783,1
Q612778,1
Q4661141,1
Q4412112,1
Q2197297,1
Q828125,1
Q2672204,1
Q6816218,1
Q71001,1
Q18809329,1
Q548946,1
Q258037,1
Q6251926,1
Q722667,1
Q5544820,1
Q20588000,1
Q1351911,1
Q1841195,1
Q6787954,1
Q1533817,1
Q7360156,1
Q1675392,1
Q12624958,1
Q7145717,1
Q18153400,1
Q931673,1
Q576877,1
Q106607,1
Q4977296,1
Q5229876,1
Q4894621,1
Q24568420,1
Q6729670,1
Q17363870,1
Q1701310,1
Q6192731,1
Q236921,1
Q17306332,1
Q4731539,1
Q17413064,1
Q18386948,1
Q7151675,1
Q311078,1
Q844875,1
Q6243117,1
Q601844,1
Q4584302,1
Q791439,1
Q19206,1
Q1399569,1
Q730152,1
Q440971,1
Q963642,1
Q3434209,1
Q15962457,1
Q20933617,1
Q549884,1
Q463221,1
Q276328,1
Q229313,1
Q1129922,1
Q44274,1
Q1411080,1
Q704335,1
Q16253765,1
Q52224,1
Q545832,1
Q6453269,1
Q25297874,1
Q263287,1
Q18395746,1
Q6791178,1
Q6983028,1
Q1418881,1
Q156011,1
Q107462,1
Q7349660,1
Q18809319,1
Q3179127,1
Q1642605,1
Q6024866,1
Q953,1
Q5192367,1
Q5699585,1
Q9252,1
Q284796,1
Q542063,1
Q933204,1
Q3427840,1
Q4727170,1
Q6188140,1
Q16548530,1
Q10457,1
Q105598,1
Q19850715,1
Q980660,1
Q5829200,1
Q740337,1
Q1993112,1
Q18739916,1
Q608074,1
Q16065638,1
Q16900285,1
Q2161283,1
Q6743593,1
Q10650719,1
Q3056329,1
Q514140,1
Q3426925,1
Q3435201,1
Q9286,1
Q175100,1
Q3291766,1
Q172364,1
Q20933459,1
Q4701194,1
Q1998098,1
Q18818815,1
Q12602940,1
Q22336849,1
Q186236,1
Q2981225,1
Q15580959,1
Q250378,1
Q18170642,1
Q4885662,1
Q193981,1
Q793843,1
Q252726,1
Q795680,1
Q6425364,1
Q1097261,1
Q117090,1
Q20814654,1
Q6845056,1
Q3497610,1
Q4354588,1
Q6378789,1
Q188694,1
Q543295,1
Q1065627,1
Q6221129,1
Q1317743,1
Q6052915,1
Q5335278,1
Q5040171,1
Q3442411,1
Q189113,1
Q969764,1
Q5237174,1
Q208000,1
Q1733874,1
Q495301,1
Q1062172,1
Q36661,1
Q5825151,1
Q5331506,1
Q7382585,1
Q6116533,1
Q5392165,1
Q55004,1
Q465866,1
Q6538691,1
Q1465191,1
Q3417204,1
Q4007189,1
Q3166586,1
Q107089,1
Q376030,1
Q545901,1
Q55741,1
Q10665235,1
Q111793,1
Q3283448,1
Q5581282,1
Q20737954,1
Q963809,1
Q183032,1
Q1522851,1
Q3166620,1
Q3460875,1
Q169087,1
Q6842728,1
Q15990861,1
Q282742,1
Q1138876,1
Q6093004,1
Q16238975,1
Q5352293,1
Q1585446,1
Q203370,1
Q2709396,1
Q3241928,1
Q192603,1
Q18215986,1
Q595074,1
Q3082687,1
Q5200887,1
Q5976009,1
Q18343544,1
Q19371724,1
Q7029316,1
Q457016,1
Q3376844,1
Q22443081,1
Q16992352,1
Q550988,1
Q438308,1
Q3899497,1
Q4127304,1
Q3101695,1
Q3835611,1
Q748932,1
Q19946096,1
Q16089708,1
Q22336932,1
Q255300,1
Q12027164,1
Q17333596,1
Q1292442,1
Q547120,1
Q5537917,1
Q5536235,1
Q529315,1
Q17364635,1
Q710880,1
Q6235450,1
Q733069,1
Q4765540,1
Q115483,1
Q1027128,1
Q5459316,1
Q16104536,1
Q91057,1
Q520110,1
Q3231167,1
Q6220360,1
Q1041357,1
Q6700604,1
Q5212838,1
Q5589858,1
Q104454,1
Q153875,1
Q1862611,1
Q11220194,1
Q5464828,1
Q2887224,1
Q18559927,1
Q5027014,1
Q19660989,1
Q4163169,1
Q1813348,1
Q454661,1
Q19600029,1
Q3990529,1
Q1769895,1
Q19473346,1
Q667329,1
Q17113214,1
Q434894,1
Q1152189,1
Q7177945,1
Q21203487,1
Q189947,1
Q82083,1
Q11893957,1
Q216450,1
Q6492,1
Q4497534,1
Q843,1
Q5556149,1
Q1879093,1
Q48464,1
Q5681446,1
Q931853,1
Q18818785,1
Q779584,1
Q20962283,1
Q651323,1
Q640076,1
Q3158516,1
Q943134,1
Q16091330,1
Q832728,1
Q6263207,1
Q22570248,1
Q504409,1
Q14292022,1
Q307400,1
Q17517294,1
Q560354,1
Q16104755,1
Q11016734,1
Q6684059,1
Q934970,1
Q907311,1
Q515695,1
Q652056,1
Q4952709,1
Q44371,1
Q5529917,1
Q6380506,1
Q23817747,1
Q1282685,1
Q155558,1
Q5719630,1
Q4121378,1
Q73028,1
Q162629,1
Q1474624,1
Q3018986,1
Q4796503,1
Q978568,1
Q20630671,1
Q732135,1
Q1194871,1
Q485828,1
Q186341,1
Q4405640,1
Q2161524,1
Q5210132,1
Q15723844,1
Q3489145,1
Q6503804,1
Q20824238,1
Q4940532,1
Q6774341,1
Q3025551,1
Q5316780,1
Q168159,1
Q6188648,1
Q77193,1
Q18809421,1
Q212885,1
Q662066,1
Q357985,1
Q5837517,1
Q1165933,1
Q507951,1
Q10797,1
Q12025942,1
Q440898,1
Q48892,1
Q773361,1
Q3371170,1
Q167383,1
Q3775558,1
Q2155341,1
Q6945601,1
Q1276,1
Q19380917,1
Q2586558,1
Q284856,1
Q261684,1
Q84150,1
Q2609937,1
Q6837042,1
Q7193209,1
Q21151513,1
Q3182261,1
Q792948,1
Q2141374,1
Q116845,1
Q908473,1
Q257778,1
Q3157001,1
Q104814,1
Q9653404,1
Q16573878,1
Q29294,1
Q17180686,1
Q215413,1
Q23586383,1
Q3576266,1
Q5924380,1
Q2108192,1
Q4710611,1
Q787124,1
Q16240187,1
Q311167,1
Q537081,1
Q5559961,1
Q18809333,1
Q3176304,1
Q3489723,1
Q21427700,1
Q5386403,1
Q26207415,1
Q863957,1
Q556667,1
Q590352,1
Q436119,1
Q139376,1
Q285372,1
Q7364005,1
Q519969,1
Q223613,1
Q1393455,1
Q6046144,1
Q2617906,1
Q3332889,1
Q3220076,1
Q54592,1
Q155548,1
Q1555323,1
Q6981132,1
Q5082967,1
Q3233283,1
Q1243655,1
Q15526075,1
Q710920,1
Q155674,1
Q16203423,1
Q730946,1
Q19660935,1
Q12071778,1
Q188082,1
Q3574506,1
Q317619,1
Q7177770,1
Q5477180,1
Q1503896,1
Q2845402,1
Q4354219,1
Q12037657,1
Q4979148,1
Q6963630,1
Q22336894,1
Q688317,1
Q4578928,1
Q17444,1
Q134549,1
Q16104944,1
Q45949,1
Q6220845,1
Q43362,1
Q521871,1
Q4083471,1
Q486822,1
Q4800985,1
Q946640,1
Q4107,1
Q21426976,1
Q712818,1
Q2051292,1
Q7352804,1
Q118490,1
Q6267226,1
Q18611457,1
Q702406,1
Q19938131,1
Q12624964,1
Q221164,1
Q334279,1
Q6915509,1
Q1093071,1
Q2965397,1
Q104859,1
Q235878,1
Q3411336,1
Q244333,1
Q4893150,1
Q4912665,1
Q725609,1
Q5535961,1
Q3420032,1
Q1856597,1
Q1590797,1
Q463813,1
Q371208,1
Q7129686,1
Q14950498,1
Q2848151,1
Q7105959,1
Q1750118,1
Q90833,1
Q241504,1
Q1783562,1
Q3566062,1
Q19381372,1
Q896754,1
Q23461654,1
Q3456319,1
Q5185473,1
Q945940,1
Q10452,1
Q5199919,1
Q4441133,1
Q255016,1
Q155536,1
Q25171919,1
Q274078,1
Q841761,1
Q1396195,1
Q13538222,1
Q178552,1
Q4833456,1
Q279829,1
Q5116414,1
Q5075874,1
Q168430,1
Q6296387,1
Q546287,1
Q5920217,1
Q3147120,1
Q3442375,1
Q949046,1
Q7352297,1
Q1354766,1
Q3358128,1
Q7347099,1
Q185107,1
Q658064,1
Q181069,1
Q5640689,1
Q4022845,1
Q5897059,1
Q42072,1
Q1418251,1
Q2830034,1
Q6254966,1
Q3426437,1
Q432573,1
Q2822101,1
Q5307129,1
Q771197,1
Q7105122,1
Q755253,1
Q20580706,1
Q3223655,1
Q21034402,1
Q18392013,1
Q17246547,1
Q21087090,1
Q4497258,1
Q18168063,1
Q1788491,1
Q381,1
Q287000,1
Q3327727,1
Q108006,1
Q981373,1
Q3736027,1
Q9160222,1
Q29078,1
Q18151084,1
Q11778405,1
Q4778004,1
Q16218517,1
Q59,1
Q3018508,1
Q4771984,1
Q235467,1
Q5618935,1
Q21262050,1
Q3439664,1
Q15801523,1
Q3732225,1
Q559917,1
Q5421764,1
Q2628313,1
Q16887038,1
Q16106269,1
Q956141,1
Q16910214,1
Q22669126,1
Q17249771,1
Q4932203,1
Q3182209,1
Q213081,1
Q174269,1
Q83317,1
Q945936,1
Q4187,1
Q2714874,1
Q769080,1
Q6787952,1
Q1263093,1
Q6117645,1
Q5534775,1
Q3213142,1
Q653473,1
Q61,1
Q6344946,1
Q3518851,1
Q16253330,1
Q6276136,1
Q2808359,1
Q16691,1
Q62682,1
Q17505227,1
Q7201228,1
Q1000119,1
Q3557536,1
Q520062,1
Q194726,1
Q18589110,1
Q6548422,1
Q3225229,1
Q6192288,1
Q810556,1
Q2827697,1
Q7324830,1
Q7172098,1
Q1668732,1
Q6772277,1
Q19361900,1
Q5487845,1
Q5273169,1
Q13424289,1
Q368492,1
Q3118782,1
Q115115,1
Q18809343,1
Q181162,1
Q28,1
Q15421399,1
Q2155506,1
Q1111980,1
Q6396450,1
Q3063714,1
Q6928931,1
Q378905,1
Q18602715,1
Q6834487,1
Q6182435,1
Q122082,1
Q6440775,1
Q579757,1
Q3438184,1
Q3494818,1
Q294169,1
Q16079143,1
Q105031,1
Q3855743,1
Q1036873,1
Q19599809,1
Q768285,1
Q3170328,1
Q3549028,1
Q5259011,1
Q3578071,1
Q3107733,1
Q1354121,1
Q20273728,1
Q110925,1
Q372210,1
Q4761124,1
Q5761358,1
Q11044943,1
Q4730213,1
Q491005,1
Q471449,1
Q796941,1
Q6204125,1
Q6149463,1
Q558991,1
Q1691391,1
Q18922010,1
Q6493742,1
Q2057897,1
Q4133501,1
Q2628076,1
Q2088750,1
Q34600,1
Q5232990,1
Q48734,1
Q6988445,1
Q12308608,1
Q22945833,1
Q611085,1
Q178987,1
Q3017937,1
Q5262852,1
Q738582,1
Q890929,1
Q1295870,1
Q4662788,1
Q240832,1
Q3434692,1
Q6761836,1
Q753605,1
Q822103,1
Q504168,1
Q4981074,1
Q20630886,1
Q2510095,1
Q16745486,1
Q273558,1
Q748986,1
Q13631063,1
Q211283,1
Q325377,1
Q19518679,1
Q432483,1
Q3574002,1
Q6060822,1
Q734604,1
Q3421170,1
Q24455748,1
Q6777420,1
Q4724961,1
Q397,1
Q1764153,1
Q5229256,1
Q4092823,1
Q10314145,1
Q948826,1
Q526468,1
Q18162787,1
Q6321453,1
Q4070371,1
Q5525834,1
Q20021459,1
Q263807,1
Q22809560,1
Q555367,1
Q918707,1
Q4981112,1
Q6323660,1
Q223559,1
Q15270775,1
Q6251924,1
Q3177296,1
Q369658,1
Q110278,1
Q16253807,1
Q21483840,1
Q22020000,1
Q726530,1
Q325673,1
Q946471,1
Q19842746,1
Q5741046,1
Q12237724,1
Q588707,1
Q9028011,1
Q470661,1
Q21997914,1
Q22889,1
Q2701566,1
Q6860797,1
Q4965071,1
Q1933004,1
Q4934,1
Q19573553,1
Q19404573,1
Q12768687,1
Q1606354,1
Q3346017,1
Q193,1
Q640651,1
Q11729557,1
Q1642252,1
Q3823886,1
Q176201,1
Q4977154,1
Q18352512,1
Q2200470,1
Q10091,1
Q55,1
Q4128230,1
Q6880201,1
Q1717353,1
Q116478,1
Q5730988,1
Q44461,1
Q3340996,1
Q535951,1
Q1248074,1
Q22097159,1
Q179883,1
Q826926,1
Q949030,1
Q611015,1
Q434177,1
Q3428361,1
Q16252270,1
Q7057754,1
Q4586124,1
Q15,1
Q1129506,1
Q10131,1
Q189358,1
Q4254026,1
Q1424547,1
Q4726152,1
Q7380286,1
Q145,1
Q25040379,1
Q104777,1
Q5229719,1
Q5112956,1
Q7351655,1
Q7037990,1
Q22720,1
Q163899,1
Q372806,1
Q6164993,1
Q6066347,1
Q161122,1
Q18161903,1
Q3144566,1
Q7063895,1
Q16615200,1
Q1044523,1
Q1691318,1
Q7095943,1
Q3168987,1
Q295873,1
Q1385128,1
Q83623,1
Q3885800,1
Q5495873,1
Q25189268,1
Q4354923,1
Q1701482,1
Q5408723,1
Q1660555,1
Q10337179,1
Q4829405,1
Q901001,1
Q6182990,1
Q501697,1
Q928165,1
Q2846736,1
Q5335592,1
Q4661988,1
Q292741,1
Q17244897,1
Q202823,1
Q985523,1
Q3386519,1
Q5335841,1
Q131330,1
Q7121690,1
Q92617,1
Q6792871,1
Q6033454,1
Q4976280,1
Q234598,1
Q13470564,1
Q10488,1
Q3105538,1
Q72276,1
Q1618243,1
Q4835877,1
Q1888794,1
Q2895087,1
Q2069590,1
Q5655741,1
Q138071,1
Q456558,1
Q1138897,1
Q507994,1
Q11724209,1
Q1509085,1
Q7325609,1
Q1353620,1
Q12408754,1
Q1055200,1
Q10579018,1
Q1138422,1
Q722267,1
Q334879,1
Q7042215,1
Q11249824,1
Q40874,1
Q9141,1
Q18220902,1
Q7495,1
Q743198,1
Q19380183,1
Q5265218,1
Q4430,1
Q3140995,1
Q544664,1
Q10561690,1
Q486899,1
Q4100589,1
Q7142850,1
Q1377468,1
Q1890141,1
Q192115,1
Q15659308,1
Q13252146,1
Q692455,1
Q20745938,1
Q19372588,1
Q7345188,1
Q17250789,1
Q465478,1
Q6259958,1
Q15630553,1
Q104514,1
Q12126420,1
Q20751629,1
Q105343,1
Q12741435,1
Q2926649,1
Q2630504,1
Q5963898,1
Q11160981,1
Q426765,1
Q23688615,1
Q9188,1
Q976434,1
Q21226401,1
Q2735268,1
Q5549108,1
Q286124,1
Q451240,1
Q16889214,1
Q3760788,1
Q6309127,1
Q615720,1
Q2157005,1
Q26459660,1
Q97054,1
Q5115940,1
Q3178758,1
Q22570200,1
Q378674,1
Q1340006,1
Q2581787,1
Q6250249,1
Q137584,1
Q23665531,1
Q3783,1
Q725494,1
Q11727214,1
Q1267125,1
Q1160649,1
Q449822,1
Q3438092,1
Q19972029,1
Q187170,1
Q432421,1
Q2002073,1
Q174979,1
Q652411,1
Q2023928,1
Q380980,1
Q6321197,1
Q3566415,1
Q3571315,1
Q832105,1
Q1165184,1
Q4260208,1
Q666484,1
Q234134,1
Q6555771,1
Q240076,1
Q1261054,1
Q1653153,1
Q18343202,1
Q4786657,1
Q18815222,1
Q3352033,1
Q176993,1
Q1087071,1
Q157,1
Q922301,1
Q16857411,1
Q463832,1
Q215546,1
Q8962593,1
Q381346,1
Q2060077,1
Q6848277,1
Q1609610,1
Q22336886,1
Q13111785,1
Q13077226,1
Q1336772,1
Q150526,1
Q3607521,1
Q3077438,1
Q543319,1
Q808477,1
Q525300,1
Q371935,1
Q383122,1
Q3356395,1
Q262854,1
Q438750,1
Q21162060,1
Q4739418,1
Q2829876,1
Q5092295,1
Q103625,1
Q5619585,1
Q19520539,1
Q273379,1
Q317521,1
Q366496,1
Q7342245,1
Q769346,1
Q930835,1
Q110450,1
Q5386613,1
Q23919964,1
Q966092,1
Q6448172,1
Q476698,1
Q5986944,1
Q565124,1
Q3121653,1
Q594030,1
Q107450,1
Q461860,1
Q187713,1
Q21936530,1
Q1075770,1
Q4797134,1
Q3062962,1
Q5660551,1
Q5102498,1
Q73923,1
Q1627931,1
Q1378406,1
Q16146311,1
Q6680303,1
Q270705,1
Q155396,1
Q19587530,1
Q185805,1
Q4186891,1
Q4415198,1
Q1033497,1
Q6933246,1
Q3137109,1
Q2646709,1
Q6129417,1
Q16258161,1
Q230824,1
Q161399,1
Q6355721,1
Q191719,1
Q551671,1
Q717,1
Q1069749,1
Q21914464,1
Q7176001,1
Q2723232,1
Q5538057,1
Q1773174,1
Q17386315,1
Q6748315,1
Q698846,1
Q6244736,1
Q4891245,1
Q8441585,1
Q18763745,1
Q657731,1
Q9196739,1
Q5386759,1
Q5134708,1
Q293385,1
Q12313984,1
Q697,1
Q5184500,1
Q6742706,1
Q293296,1
Q952096,1
Q133933,1
Q21819857,1
Q6829318,1
Q477523,1
Q541839,1
Q490588,1
Q472868,1
Q1288271,1
Q17279319,1
Q17061481,1
Q19862158,1
Q3286749,1
Q271664,1
Q7100753,1
Q7299855,1
Q10437,1
Q10441,1
Q20679767,1
Q487271,1
Q7175663,1
