Q77078,225
Q381,154
Q1513195,96
Q152456,74
Q426332,56
Q1392744,50
Q443506,48
Q1321622,48
Q200639,48
Q12164074,44
Q183,44
Q562137,42
Q24091473,40
Q17230,40
Q1394712,40
Q14578326,36
Q5383,36
Q210610,36
Q19865453,36
Q285741,36
Q16990927,36
Q746914,36
Q14786561,34
Q3429263,34
Q1765358,33
Q1757288,32
Q4142083,32
Q60487,32
Q119526,32
Q7067489,32
Q221305,32
Q616265,32
Q735132,32
Q471239,32
Q15105174,32
Q6105743,30
Q15961525,30
Q16976150,30
Q484458,30
Q4030599,30
Q885069,28
Q16253888,28
Q699132,28
Q6074,28
Q1190608,28
Q216059,28
Q15028216,28
Q18547944,28
Q429098,28
Q22977282,27
Q12877,26
Q6966659,26
Q302174,26
Q24704218,26
Q264621,26
Q239030,26
Q374495,25
Q484603,25
Q2069590,25
Q502356,25
Q388108,24
Q1122688,24
Q18406571,24
Q732022,24
Q16821267,24
Q391215,24
Q192112,24
Q170047,24
Q1747227,22
Q207711,22
Q1410288,22
Q80959,22
Q1404374,22
Q172271,22
Q3107624,22
Q6987041,22
Q16060473,22
Q21544908,21
Q491959,20
Q7232336,20
Q154846,20
Q1275912,20
Q484501,20
Q1421593,20
Q27411,20
Q156726,20
Q485524,20
Q16253705,20
Q489847,20
Q1217726,20
Q258009,20
Q9358033,20
Q217008,20
Q4783598,20
Q343201,20
Q489659,20
Q2701647,20
Q17223,20
Q1153760,20
Q656861,20
Q1059703,20
Q502564,20
Q490395,20
Q3072241,19
Q1861,18
Q3270032,18
Q384397,18
Q35045,18
Q48267,18
Q1691401,18
Q5724,18
Q272153,18
Q22920078,18
Q2973,18
Q839341,18
Q20,18
Q1096496,18
Q1710428,18
Q41854,18
Q4451333,18
Q16857406,18
Q1615,18
Q2748803,18
Q20706844,18
Q15901539,18
Q41,18
Q1219231,18
Q310719,18
Q19355,17
Q16252315,17
Q13370821,17
Q3349019,16
Q272771,16
Q32378,16
Q647958,16
Q1508501,16
Q1330571,16
Q277525,16
Q905399,16
Q2550824,16
Q21747106,16
Q2061359,16
Q430521,16
Q571309,16
Q132351,16
Q93062,16
Q1475275,16
Q4536024,16
Q106934,16
Q752181,16
Q18154496,16
Q288836,16
Q2708907,16
Q31984,16
Q839603,16
Q557596,16
Q483852,16
Q1806817,16
Q927108,16
Q3785077,16
Q3353120,15
Q113005,15
Q485020,15
Q486006,15
Q111622,15
Q494760,15
Q109681,15
Q113185,15
Q340605,15
Q1763458,15
Q2021294,15
Q495112,15
Q498104,15
Q58759,15
Q108087,15
Q484786,15
Q490215,15
Q488548,15
Q376034,15
Q128080,15
Q489377,15
Q488821,15
Q485484,15
Q511106,15
Q507472,15
Q257334,15
Q498327,15
Q485463,15
Q498372,15
Q487725,15
Q28292,15
Q426262,15
Q496708,15
Q259095,15
Q145006,15
Q495958,15
Q109150,15
Q495867,15
Q3121161,15
Q16973734,15
Q351808,15
Q494485,15
Q484391,15
Q54444,15
Q490140,15
Q484465,15
Q497707,15
Q61131,15
Q26740,15
Q376729,15
Q494916,15
Q504391,15
Q110421,15
Q926619,15
Q486150,15
Q484231,15
Q156287,15
Q496622,15
Q165713,15
Q489471,15
Q487578,15
Q464753,15
Q193072,15
Q61026,15
Q648977,15
Q24464,15
Q327080,15
Q490104,15
Q494161,15
Q619609,15
Q490843,15
Q2935739,15
Q494620,15
Q27229,15
Q376483,15
Q495120,15
Q1065829,14
Q283933,14
Q684216,14
Q16224411,14
Q185037,14
Q1748292,14
Q574583,14
Q53719,14
Q221586,14
Q14947697,14
Q646025,14
Q1090390,14
Q1187607,14
Q93853,14
Q1840579,14
Q386210,14
Q866048,14
Q1189674,14
Q110257,14
Q23766020,14
Q958433,14
Q800,14
Q14513321,14
Q202326,14
Q18602670,13
Q64211,13
Q1130310,13
Q5477105,13
Q222,12
Q27,12
Q559789,12
Q314942,12
Q1228474,12
Q3417220,12
Q16345,12
Q16239217,12
Q1392442,12
Q15631311,12
Q895837,12
Q1336326,12
Q192501,12
Q392825,12
Q129072,12
Q1140744,12
Q4526,12
Q582922,12
Q193325,12
Q2898609,12
Q3139644,12
Q105830,12
Q3068796,12
Q93670,12
Q18002795,12
Q6670852,12
Q466614,12
Q495276,12
Q1059303,12
Q622616,12
Q277576,12
Q183050,12
Q1214318,12
Q44112,12
Q6536616,12
Q1030652,12
Q2604363,12
Q5317616,12
Q1139801,12
Q2631008,12
Q904128,12
Q1333799,12
Q477157,12
Q1064530,12
Q156675,12
Q180337,12
Q603696,12
Q4877021,12
Q61535,12
Q5232332,12
Q645105,12
Q634810,12
Q112698,12
Q16239341,12
Q191100,12
Q16204833,12
Q21552847,12
Q130321,12
Q305044,12
Q459629,12
Q650460,12
Q113757,12
Q223589,12
Q1113742,12
Q241309,12
Q10287993,12
Q695229,12
Q726863,12
Q752091,12
Q844417,12
Q696042,11
Q498906,11
Q366057,11
Q497938,10
Q61014,10
Q376053,10
Q368766,10
Q109279,10
Q501964,10
Q115332,10
Q127978,10
Q506151,10
Q506157,10
Q497788,10
Q1552534,10
Q341639,10
Q493112,10
Q112584,10
Q311897,10
Q311894,10
Q374979,10
Q374604,10
Q913311,10
Q488488,10
Q498613,10
Q302918,10
Q108846,10
Q109298,10
Q111790,10
Q503505,10
Q204761,10
Q109284,10
Q507438,10
Q491966,10
Q500569,10
Q502273,10
Q495239,10
Q58711,10
Q501568,10
Q497216,10
Q384754,10
Q377952,10
Q61018,10
Q513919,10
Q497702,10
Q156220,10
Q376059,10
Q488224,10
Q508209,10
Q32348,10
Q111782,10
Q491190,10
Q61317,10
Q509813,10
Q494806,10
Q483932,10
Q368006,10
Q494803,10
Q494546,10
Q506351,10
Q496607,10
Q495570,10
Q61481,10
Q61484,10
Q484304,10
Q156577,10
Q109265,10
Q156488,10
Q506768,10
Q156570,10
Q61330,10
Q113313,10
Q491508,10
Q494463,10
Q491463,10
Q484470,10
Q507365,10
Q376042,10
Q495280,10
Q504345,10
Q483937,10
Q495965,10
Q491196,10
Q61348,10
Q1139827,10
Q338939,10
Q495013,10
Q492048,10
Q488468,10
Q495017,10
Q486522,10
Q495175,10
Q511470,10
Q495171,10
Q26628,10
Q61007,10
Q490386,10
Q491052,10
Q483895,10
Q113333,10
Q506215,10
Q114479,10
Q502397,10
Q490383,10
Q504428,10
Q486317,10
Q112078,10
Q377234,10
Q110779,10
Q110592,10
Q430938,10
Q502463,10
Q496886,10
Q512767,10
Q377181,10
Q495398,10
Q491390,10
Q112953,10
Q505980,10
Q61170,10
Q497880,10
Q695782,10
Q203022,10
Q485474,10
Q489787,10
Q485470,10
Q26591,10
Q48891,10
Q48896,10
Q504410,10
Q489481,10
Q489783,10
Q111310,10
Q108072,10
Q109646,10
Q507811,10
Q503438,10
Q490488,10
Q183263,10
Q188113,10
Q170327,10
Q502933,10
Q127184,10
Q491616,10
Q378527,10
Q376947,10
Q494164,10
Q502207,10
Q374989,10
Q494536,10
Q494167,10
Q491537,10
Q61129,10
Q1139839,10
Q507609,10
Q109851,10
Q501163,10
Q486288,10
Q110403,10
Q505438,10
Q376004,10
Q112882,10
Q502712,10
Q110407,10
Q505987,10
Q486513,10
Q111979,10
Q108077,10
Q501312,10
Q500803,10
Q489682,10
Q490879,10
Q175756,10
Q501823,10
Q502492,10
Q502496,10
Q26891,10
Q501319,10
Q118743,10
Q501036,10
Q485420,10
Q489576,10
Q493092,10
Q430328,10
Q489571,10
Q488553,10
Q485209,10
Q486095,10
Q495154,10
Q485204,10
Q488481,10
Q490482,10
Q58774,10
Q486466,10
Q494624,10
Q15548282,10
Q489684,10
Q110325,10
Q491316,10
Q490656,10
Q484648,10
Q189657,10
Q421956,10
Q501914,10
Q15303700,10
Q137516,10
Q488166,10
Q502437,10
Q505305,10
Q111613,10
Q108428,10
Q486078,10
Q486071,10
Q512993,10
Q498395,10
Q488687,10
Q497424,10
Q108424,10
Q485301,10
Q269164,10
Q114862,10
Q501000,10
Q339724,10
Q111235,10
Q114423,10
Q61153,10
Q494947,10
Q506779,10
Q488531,10
Q489007,10
Q312497,10
Q464964,10
Q504850,10
Q491285,10
Q111098,10
Q1139833,10
Q494494,10
Q494556,10
Q506772,10
Q501804,10
Q54073,10
Q156437,10
Q491479,10
Q490390,10
Q491267,10
Q195664,10
Q490184,10
Q489779,10
Q493605,10
Q111968,10
Q483947,10
Q127973,10
Q127970,10
Q111946,10
Q255943,10
Q489092,10
Q376849,10
Q376120,10
Q486075,10
Q110561,10
Q491292,10
Q374968,10
Q1124916,10
Q114123,10
Q502213,10
Q110570,10
Q152891,10
Q108851,10
Q108856,10
Q502210,10
Q110575,10
Q506162,10
Q495285,10
Q28285,10
Q112993,10
Q495289,10
Q109661,10
Q374626,10
Q490652,10
Q390141,10
Q497737,10
Q486081,10
Q284439,10
Q54439,10
Q511461,10
Q491862,10
Q491046,10
Q109451,10
Q495608,10
Q502581,10
Q120080,10
Q421960,10
Q489312,10
Q486791,10
Q112768,10
Q494755,10
Q283555,10
Q491236,10
Q507743,10
Q490272,10
Q506722,10
Q488840,10
Q494146,10
Q496722,10
Q61143,10
Q486248,10
Q505299,10
Q486535,10
Q47894,10
Q511723,10
Q494636,10
Q489648,10
Q490703,10
Q112061,10
Q163097,10
Q500776,10
Q26719,10
Q156177,10
Q494958,10
Q496771,10
Q377157,10
Q485044,10
Q485047,10
Q389573,10
Q496406,10
Q486060,10
Q503501,10
Q505453,10
Q108503,10
Q492652,10
Q504435,10
Q110417,10
Q110739,10
Q491519,10
Q26712,10
Q111566,10
Q493709,10
Q26710,10
Q182112,10
Q491514,10
Q495974,10
Q112069,10
Q502929,10
Q502920,10
Q2613391,10
Q490678,10
Q489324,10
Q311904,10
Q502592,10
Q110684,10
Q71190,10
Q94673,10
Q110680,10
Q156486,10
Q504284,10
Q400753,10
Q490908,10
Q486626,10
Q374382,10
Q110978,10
Q109804,10
Q26701,10
Q110750,10
Q502447,10
Q110755,10
Q484659,10
Q505644,10
Q492061,10
Q498072,10
Q505310,10
Q505317,10
Q501582,10
Q842902,10
Q372796,10
Q509786,10
Q506907,10
Q494943,10
Q497607,10
Q496602,10
Q490255,10
Q490251,10
Q507281,10
Q113017,10
Q337067,10
Q490259,10
Q112526,10
Q495223,10
Q497890,10
Q111672,10
Q486961,10
Q497899,10
Q115273,10
Q114301,10
Q493715,10
Q842938,10
Q507757,10
Q494156,10
Q484548,10
Q128096,10
Q504403,10
Q58694,10
Q63771,10
Q156361,10
Q61039,10
Q487704,10
Q487415,10
Q510915,10
Q111886,10
Q485452,10
Q490014,10
Q489762,10
Q490920,10
Q489942,10
Q486325,10
Q114529,10
Q485920,10
Q503521,10
Q485926,10
Q376446,10
Q61034,10
Q489546,10
Q488543,10
Q3210119,10
Q494998,10
Q505861,10
Q485276,10
Q119372,10
Q507981,10
Q488943,10
Q112456,10
Q2758,10
Q108053,10
Q17174784,10
Q111957,10
Q490813,10
Q495359,10
Q501815,10
Q491281,10
Q376113,10
Q513833,10
Q648752,10
Q112442,10
Q486376,10
Q500813,10
Q504846,10
Q378896,10
Q487686,10
Q488201,10
Q500767,10
Q111220,10
Q376592,10
Q501014,10
Q61521,10
Q487681,10
Q485058,10
Q510122,10
Q500686,10
Q488206,10
Q500680,10
Q486099,10
Q500918,10
Q486167,10
Q496751,10
Q386885,10
Q28488,10
Q494899,10
Q961138,10
Q376175,10
Q501800,10
Q48927,10
Q109215,10
Q210812,10
Q111904,10
Q491543,10
Q501809,10
Q111273,10
Q484268,10
Q26528,10
Q27045,10
Q494893,10
Q497695,10
Q502086,10
Q501982,10
Q495275,10
Q506191,10
Q111584,10
Q506197,10
Q108106,10
Q54260,10
Q366871,10
Q20856821,10
Q485582,10
Q156642,10
Q486184,10
Q156647,10
Q20830260,10
Q485364,10
Q26527,10
Q26526,10
Q109170,10
Q507870,10
Q261672,10
Q500861,10
Q491021,10
Q500711,10
Q488853,10
Q489864,10
Q374200,10
Q503023,10
Q337776,10
Q495067,10
Q108607,10
Q156475,10
Q490019,10
Q506479,10
Q493054,10
Q506370,10
Q485392,10
Q490134,10
Q54086,10
Q498336,10
Q474999,10
Q496862,10
Q54231,10
Q512868,10
Q484361,10
Q49290,10
Q484367,10
Q491406,10
Q502428,10
Q196029,10
Q192753,10
Q82605,10
Q113773,10
Q495912,10
Q181325,10
Q502880,10
Q111663,10
Q506727,10
Q111913,10
Q497908,10
Q51733,10
Q490505,10
Q109165,10
Q490306,10
Q487677,10
Q490409,10
Q113892,10
Q108418,10
Q490980,10
Q376136,10
Q484616,10
Q375125,10
Q156463,10
Q156467,10
Q115413,10
Q403319,10
Q156650,10
Q512799,10
Q374452,10
Q167583,10
Q167589,10
Q491584,10
Q494081,10
Q485239,10
Q26564,10
Q485235,10
Q351887,10
Q302852,10
Q494086,10
Q486458,10
Q504375,10
Q486105,10
Q494500,10
Q495052,10
Q494508,10
Q505359,10
Q506064,10
Q280844,10
Q112793,10
Q489273,10
Q485631,10
Q373953,10
Q488672,10
Q505354,10
Q488675,10
Q490949,10
Q511135,10
Q421974,10
Q493024,10
Q489853,10
Q797678,10
Q49289,10
Q500891,10
Q500897,10
Q491035,10
Q495906,10
Q615975,10
Q118716,10
Q495885,10
Q501858,10
Q113984,10
Q421970,10
Q496577,10
Q484431,10
Q1055449,10
Q496447,10
Q507587,10
Q495006,10
Q111647,10
Q494129,10
Q377011,10
Q494121,10
Q486357,10
Q484538,10
Q54246,10
Q3234929,10
Q111380,10
Q280826,10
Q489259,10
Q484398,10
Q484395,10
Q490966,10
Q485615,10
Q484639,10
Q511806,10
Q28311,10
Q18162787,10
Q111245,10
Q111385,10
Q496096,10
Q503451,10
Q128075,10
Q26898,10
Q502345,10
Q490774,10
Q505515,10
Q485388,10
Q48902,10
Q498307,10
Q61381,10
Q61384,10
Q505510,10
Q112125,10
Q486123,10
Q282188,10
Q108618,10
Q495072,10
Q112934,10
Q943772,10
Q505993,10
Q594313,10
Q490369,10
Q495340,10
Q202454,10
Q512699,10
Q22693238,10
Q487616,10
Q655315,10
Q502526,10
Q484418,10
Q505999,10
Q496070,10
Q505282,10
Q504355,10
Q495862,10
Q389551,10
Q493044,10
Q383739,10
Q63719,10
Q504350,10
Q61526,10
Q112619,10
Q5427561,10
Q434669,10
Q167565,10
Q490095,10
Q500871,10
Q496077,10
Q1747405,10
Q28496,10
Q485950,10
Q26885,10
Q112603,10
Q176068,10
Q205715,10
Q511691,10
Q506187,10
Q65433,10
Q506181,10
Q500845,10
Q128137,10
Q504838,10
Q495264,10
Q493450,10
Q494791,10
Q495891,10
Q495899,10
Q511120,10
Q156411,10
Q492016,10
Q108803,10
Q505834,10
Q312149,10
Q484408,10
Q484404,10
Q496242,10
Q377162,10
Q490378,10
Q513982,10
Q491201,10
Q337204,10
Q506987,10
Q17605514,10
Q492012,10
Q500598,10
Q493037,10
Q376527,10
Q486133,10
Q110389,10
Q156566,10
Q110510,10
Q508288,10
Q509745,10
Q111254,10
Q111374,10
Q491126,10
Q509092,10
Q110384,10
Q110262,10
Q111266,10
Q28499,10
Q111391,10
Q26889,10
Q485596,10
Q109986,10
Q484620,10
Q367632,10
Q484496,10
Q112977,10
Q484385,10
Q484381,10
Q156618,10
Q494134,10
Q489265,10
Q108117,10
Q488922,10
Q54254,10
Q498312,10
Q54251,10
Q115148,10
Q48933,10
Q489430,10
Q403310,10
Q949766,10
Q490835,10
Q504318,10
Q500742,10
Q486293,10
Q488690,10
Q142369,10
Q488698,10
Q505333,10
Q491017,10
Q507770,10
Q4736880,10
Q496980,10
Q490690,10
Q503486,10
Q108127,10
Q513968,10
Q111316,10
Q485656,10
Q484672,10
Q137509,10
Q341679,10
Q501830,10
Q501927,10
Q495388,10
Q504360,10
Q500838,10
Q28283,10
Q483973,10
Q108093,10
Q28286,10
Q504863,10
Q113854,10
Q253186,10
Q429814,10
Q485305,10
Q373575,10
Q484426,10
Q498034,10
Q494174,10
Q495031,10
Q498684,10
Q492021,10
Q495037,10
Q495216,10
Q484346,10
Q26506,10
Q130009,10
Q491427,10
Q506230,10
Q130006,10
Q488522,10
Q484349,10
Q491525,10
Q486112,10
Q176053,10
Q485984,10
Q379540,10
Q484294,10
Q156291,10
Q115272,10
Q484452,10
Q485980,10
Q502424,10
Q507153,10
Q134080,10
Q61138,10
Q507881,10
Q31091,10
Q385365,10
Q494526,10
Q110336,10
Q490839,10
Q498141,10
Q108784,10
Q495165,10
Q156639,10
Q503511,10
Q503516,10
Q109457,10
Q490108,10
Q507088,10
Q502640,10
Q484234,10
Q428902,10
Q61202,10
Q61200,10
Q485650,10
Q113293,10
Q251277,10
Q483888,10
Q61165,10
Q156637,10
Q486281,10
Q496758,10
Q156156,10
Q127238,10
Q507336,10
Q115324,10
Q110426,10
Q495229,10
Q495160,10
Q114503,10
Q506202,10
Q2613700,10
Q114445,10
Q507427,10
Q156632,10
Q109636,10
Q109631,10
Q156445,10
Q489743,10
Q486309,10
Q111936,10
Q489747,10
Q507294,10
Q485434,10
Q486476,10
Q486471,10
Q111686,10
Q109308,10
Q61379,10
Q312740,10
Q312731,10
Q58683,10
Q312737,10
Q485799,10
Q488566,10
Q503071,10
Q490325,10
Q511150,10
Q486243,10
Q493599,10
Q376899,10
Q498356,10
Q61363,10
Q497928,10
Q175309,10
Q26584,10
Q485213,10
Q115104,10
Q63958,10
Q113875,10
Q112652,10
Q497646,10
Q490116,10
Q512832,10
Q156628,10
Q490848,10
Q107126,10
Q108379,10
Q511510,10
Q108101,10
Q377046,10
Q501340,10
Q484440,10
Q107982,10
Q115266,10
Q178341,10
Q488693,10
Q115081,10
Q502411,10
Q128079,10
Q109651,10
Q283657,10
Q505968,10
Q495851,10
Q484664,10
Q486179,10
Q484668,10
Q485641,10
Q504385,10
Q503889,10
Q493074,10
Q484015,10
Q484991,10
Q495856,10
Q477870,10
Q421963,10
Q111633,10
Q495930,10
Q490357,10
Q128077,10
Q109204,10
Q484378,10
Q484371,10
Q490124,10
Q506220,10
Q490121,10
Q495204,10
Q491436,10
Q491432,10
Q495209,10
Q497652,10
Q156580,10
Q108083,10
Q507943,10
Q3566895,10
Q376024,10
Q506225,10
Q492036,10
Q495022,10
Q502364,10
Q491221,10
Q486160,10
Q502368,10
Q507126,10
Q156380,10
Q502360,10
Q496003,10
Q492032,10
Q491553,10
Q491556,10
Q493529,10
Q54091,10
Q54093,10
Q498321,10
Q486174,10
Q485408,10
Q490999,10
Q500312,10
Q156429,10
Q109155,10
Q498346,10
Q498341,10
Q485229,10
Q485224,10
Q498295,10
Q498014,10
Q490144,10
Q110528,10
Q111921,10
Q113864,10
Q115349,10
Q505380,10
Q156452,10
Q28503,10
Q428298,10
Q513818,10
Q156629,10
Q156623,10
Q48834,10
Q503076,10
Q113220,10
Q27023,10
Q61216,10
Q507892,10
Q109622,10
Q54234,10
Q502257,10
Q512787,10
Q156387,10
Q15055478,10
Q111928,10
Q491831,10
Q49014,10
Q491256,10
Q374950,10
Q515166,10
Q485620,10
Q431440,10
Q501606,10
Q19882898,10
Q497172,10
Q486444,10
Q490647,10
Q501843,10
Q501284,10
Q501848,10
Q28321,10
Q490994,10
Q107146,10
Q133857,10
Q489222,10
Q492057,10
Q110187,10
Q489735,10
Q336190,10
Q495201,10
Q730,10
Q484401,10
Q490512,10
Q486440,10
Q485912,10
Q52250,10
Q486448,10
Q486118,10
Q496009,10
Q502031,10
Q486651,10
Q109665,10
Q486654,10
Q485558,10
Q489591,10
Q135330,10
Q28274,10
Q489599,10
Q507918,10
Q304065,10
Q494216,10
Q494211,10
Q341915,10
Q494186,10
Q108798,10
Q494514,10
Q483990,10
Q115337,10
Q48874,10
Q115289,10
Q490745,10
Q512925,10
Q61478,10
Q206828,10
Q61368,10
Q494518,10
Q607122,10
Q26754,10
Q26756,10
Q484342,10
Q61472,10
Q109512,10
Q505638,10
Q640710,10
Q496962,10
Q489595,10
Q61294,10
Q115061,10
Q489915,10
Q489919,10
Q496636,10
Q111744,10
Q71136,10
Q507399,10
Q284806,10
Q485528,10
Q488679,10
Q4822037,10
Q497999,10
Q502784,10
Q1124743,10
Q376803,10
Q54079,10
Q494104,10
Q490446,10
Q490443,10
Q111291,10
Q110340,10
Q506951,10
Q502569,10
Q500880,10
Q489447,10
Q494716,10
Q501248,10
Q501976,10
Q247715,10
Q192650,10
Q495344,10
Q503495,10
Q497984,10
Q513878,10
Q306343,10
Q175035,10
Q156353,10
Q494630,10
Q491919,10
Q486218,10
Q491911,10
Q484760,10
Q500645,10
Q485035,10
Q302165,10
Q374410,10
Q18120072,10
Q487572,10
Q135328,10
Q113096,10
Q4460,10
Q54065,10
Q490436,10
Q111530,10
Q111821,10
Q501074,10
Q58689,10
Q111286,10
Q115583,10
Q486372,10
Q507353,10
Q461562,10
Q512732,10
Q502576,10
Q156350,10
Q486198,10
Q495925,10
Q491148,10
Q61181,10
Q495349,10
Q496693,10
Q427315,10
Q507266,10
Q110983,10
Q498123,10
Q113079,10
Q506315,10
Q491321,10
Q288606,10
Q491327,10
Q484279,10
Q61358,10
Q499302,10
Q495654,10
Q495658,10
Q493260,10
Q61502,10
Q485532,10
Q489420,10
Q506697,10
Q295787,10
Q489642,10
Q156265,10
Q82505,10
Q497871,10
Q491144,10
Q108391,10
Q156370,10
Q496109,10
Q495137,10
Q494774,10
Q502959,10
Q489586,10
Q496971,10
Q488505,10
Q485746,10
Q492040,10
Q54443,10
Q54441,10
Q54440,10
Q490750,10
Q2768011,10
Q206830,10
Q494192,10
Q303491,10
Q494180,10
Q109830,10
Q109785,10
Q26744,10
Q490065,10
Q498042,10
Q490157,10
Q109709,10
Q503468,10
Q505428,10
Q502737,10
Q490150,10
Q502739,10
Q505422,10
Q494598,10
Q164603,10
Q271613,10
Q489079,10
Q488813,10
Q488181,10
Q493071,10
Q113375,10
Q337348,10
Q489901,10
Q489075,10
Q113132,10
Q376876,10
Q491982,10
Q490454,10
Q501055,10
Q501051,10
Q512686,10
Q513775,10
Q115307,10
Q506385,10
Q110130,10
Q508220,10
Q497861,10
Q110640,10
Q502554,10
Q487692,10
Q113117,10
Q109303,10
Q489457,10
Q376562,10
Q491633,10
Q488186,10
Q493029,10
Q484729,10
Q483982,10
Q109526,10
Q825807,10
Q513092,10
Q489986,10
Q489980,10
Q156257,10
Q500958,10
Q379660,10
Q495147,10
Q156216,10
Q156213,10
Q491157,10
Q74633,10
Q491152,10
Q112714,10
Q507078,10
Q112137,10
Q167656,10
Q109836,10
Q267164,10
Q118127,10
Q369211,10
Q512885,10
Q496583,10
Q370710,10
Q156374,10
Q260871,10
Q489620,10
Q491121,10
Q484290,10
Q512965,10
Q486215,10
Q312746,10
Q511498,10
Q438750,10
Q495645,10
Q502459,10
Q486633,10
Q26587,10
Q512937,10
Q495356,10
Q61042,10
Q496161,10
Q45441,10
Q497489,10
Q1093977,10
Q26697,10
Q509861,10
Q485502,10
Q485726,10
Q494919,10
Q111593,10
Q4886479,10
Q1415029,10
Q491339,10
Q506309,10
Q491331,10
Q113041,10
Q2613601,10
Q133854,10
Q486328,10
Q781165,10
Q501108,10
Q156253,10
Q114923,10
Q484513,10
Q485561,10
Q264456,10
Q485062,10
Q500670,10
Q1627076,10
Q495880,10
Q492310,10
Q500908,10
Q497953,10
Q506512,10
Q54161,10
Q497817,10
Q491160,10
Q497810,10
Q490762,10
Q18348775,10
Q158023,10
Q490769,10
Q507931,10
Q504830,10
Q512259,10
Q486238,10
Q375652,10
Q486011,10
Q502294,10
Q502521,10
Q484643,10
Q491759,10
Q491949,10
Q490414,10
Q377131,10
Q489083,10
Q491945,10
Q486499,10
Q494471,10
Q107977,10
Q115577,10
Q484563,10
Q484159,10
Q490784,10
Q484156,10
Q183135,10
Q26502,10
Q505444,10
Q484153,10
Q494236,10
Q507488,10
Q495414,10
Q490181,10
Q495633,10
Q70979,10
Q271915,10
Q509895,10
Q491301,10
Q484542,10
Q496025,10
Q494413,10
Q109975,10
Q27233,10
Q508271,10
Q495691,10
Q115551,10
Q27238,10
Q495677,10
Q544539,10
Q484567,10
Q508254,10
Q486491,10
Q489673,10
Q489477,10
Q304671,10
Q82367,10
Q511679,10
Q115253,10
Q211733,10
Q108436,10
Q115356,10
Q490796,10
Q490799,10
Q484142,10
Q494228,10
Q495315,10
Q61084,10
Q507216,10
Q486398,10
Q29124,10
Q489891,10
Q109969,10
Q503059,10
Q491112,10
Q176480,10
Q114969,10
Q495687,10
Q498020,10
Q495682,10
Q484556,10
Q498024,10
Q496486,10
Q74661,10
Q490874,10
Q506291,10
Q502516,10
Q374442,10
Q491762,10
Q486800,10
Q501092,10
Q115025,10
Q10339800,10
Q492493,10
Q569941,10
Q493088,10
Q1957174,10
Q470626,10
Q385931,10
Q489663,10
Q251267,10
Q490884,10
Q492488,10
Q110606,10
Q485549,10
Q485543,10
Q854630,10
Q5925,10
Q490405,10
Q493236,10
Q489099,10
Q377122,10
Q372648,10
Q340606,10
Q888563,10
Q201014,10
Q503492,10
Q500663,10
Q27041,10
Q507000,10
Q502021,10
Q74290,10
Q502285,10
Q506892,10
Q313874,10
Q48863,10
Q495662,10
Q490779,10
Q484570,10
Q484574,10
Q484577,10
Q515205,10
Q61354,10
Q156181,10
Q113396,10
Q61352,10
Q4704827,10
Q14601792,10
Q491108,10
Q110624,10
Q500939,10
Q500933,10
Q156276,10
Q175799,10
Q511747,10
Q156273,10
Q156278,10
Q508618,10
Q312473,10
Q312475,10
Q112737,10
Q490683,10
Q511647,10
Q468557,10
Q290157,10
Q353108,10
Q496685,10
Q507016,10
Q484287,10
Q484282,10
Q312254,10
Q498362,10
Q496139,10
Q511788,10
Q835104,10
Q497992,10
Q113354,10
Q113423,10
Q14774970,10
Q485720,10
Q278589,10
Q71100,10
Q495595,10
Q130083,10
Q509910,10
Q491976,10
Q495603,10
Q512911,10
Q61468,10
Q112807,10
Q508247,10
Q115589,10
Q61461,10
Q279452,10
Q156358,10
Q495116,10
Q55723,10
Q497804,10
Q109761,10
Q491903,10
Q491954,10
Q4911187,10
Q156191,10
Q486480,10
Q156459,10
Q501084,10
Q502503,10
Q110670,10
Q502507,10
Q485571,10
Q489468,10
Q115043,10
Q489463,10
Q493228,10
Q493222,10
Q58696,10
Q58691,10
Q489069,10
Q58698,10
Q109756,10
Q507957,10
Q505276,10
Q109751,10
Q486389,10
Q346925,10
Q376353,10
Q512901,10
Q506531,10
Q506538,10
Q502431,10
Q500654,10
Q1136251,10
Q505884,10
Q507907,10
Q497200,10
Q486614,10
Q27018,10
Q372373,10
Q374589,10
Q486229,10
Q27840,10
Q266493,10
Q486000,10
Q485024,10
Q178281,10
Q514024,10
Q374460,10
Q341755,10
Q54160,10
Q111867,10
Q111720,10
Q430113,10
Q504371,10
Q496568,10
Q598262,10
Q110491,10
Q491470,10
Q504312,10
Q501123,10
Q490427,10
Q505886,10
Q501256,10
Q312750,10
Q491343,10
Q108534,10
Q109820,10
Q514008,10
Q501078,10
Q94669,10
Q112488,10
Q61458,10
Q494912,10
Q176307,10
Q513805,10
Q402259,10
Q455266,10
Q177562,10
Q491936,10
Q485752,10
Q591156,10
Q511524,10
Q27844,10
Q503088,10
Q496629,10
Q376505,10
Q504441,10
Q376464,10
Q112512,10
Q488517,10
Q502945,10
Q485509,10
Q510920,10
Q156377,10
Q495368,10
Q494768,10
Q495198,10
Q54253,10
Q375002,10
Q196014,10
Q27011,10
Q207441,10
Q109790,10
Q109795,10
Q486874,10
Q495185,10
Q484488,10
Q506337,10
Q94783,10
Q111540,10
Q376106,10
Q501350,10
Q487599,10
Q376102,10
Q509880,10
Q108957,10
Q27024,10
Q27025,10
Q74628,10
Q962057,10
Q113843,10
Q484596,10
Q26907,10
Q261209,10
Q484527,10
Q500947,10
Q488917,10
Q489999,10
Q484493,10
Q114026,10
Q506332,10
Q490219,10
Q211360,10
Q512951,10
Q496729,10
Q113834,10
Q60984,10
Q505848,10
Q486344,10
Q43983,10
Q24648,10
Q109810,10
Q109815,10
Q497854,10
Q113805,10
Q494575,10
Q491529,10
Q502707,10
Q156340,10
Q484685,10
Q483847,10
Q489935,10
Q168397,10
Q48926,10
Q488792,10
Q496169,10
Q488826,10
Q489939,10
Q169996,10
Q304791,10
Q489625,10
Q485460,10
Q484530,10
Q162560,10
Q374422,10
Q48856,10
Q485245,10
Q486040,10
Q484681,10
Q26605,10
Q115428,10
Q501959,10
Q540379,10
Q494990,10
Q495126,10
Q491068,10
Q431826,10
Q486265,10
Q486261,10
Q501555,10
Q374358,10
Q112086,10
Q495951,10
Q156582,10
Q502222,10
Q491843,10
Q691614,10
Q500977,10
Q495195,10
Q495620,10
Q48850,10
Q501140,10
Q502050,10
Q932966,10
Q503329,10
Q26738,10
Q15921329,10
Q109317,10
Q111304,10
Q494815,10
Q491623,10
Q487744,10
Q491626,10
Q271601,10
Q498276,10
Q490266,10
Q386271,10
Q271609,10
Q27240,10
Q374649,10
Q491996,10
Q504450,10
Q502875,10
Q494616,10
Q484478,10
Q506574,10
Q505499,10
Q498675,10
Q484273,10
Q56154,10
Q22000641,10
Q498377,10
Q56153,10
Q56152,10
Q56151,10
Q488175,10
Q488171,10
Q495629,10
Q495998,10
Q156346,10
Q495191,10
Q496596,10
Q496115,10
Q56149,10
Q506569,10
Q495719,10
Q511095,10
Q61020,10
Q501236,10
Q497628,10
Q507063,10
Q491214,10
Q108494,10
Q491927,10
Q108499,10
Q486270,10
Q497971,10
Q847673,10
Q337270,10
Q496104,10
Q484745,10
Q501948,10
Q847676,10
Q486431,10
Q185533,10
Q492888,10
Q156297,10
Q490852,10
Q284840,10
Q498066,10
Q398939,10
Q485013,10
Q485017,10
Q495132,10
Q56144,10
Q820502,10
Q374342,10
Q503551,10
Q494952,10
Q1177705,10
Q490002,10
Q56145,10
Q511713,10
Q484740,10
Q5084605,9
Q394443,9
Q19571141,9
Q514741,9
Q182212,9
Q2962473,9
Q170509,9
Q4399,9
Q1337955,9
Q18599759,9
Q4520,8
Q2629254,8
Q588417,8
Q5226954,8
Q10280312,8
Q18915790,8
Q131377,8
Q6401630,8
Q22671279,8
Q3219475,8
Q941412,8
Q16158068,8
Q495733,8
Q466611,8
Q12805,8
Q17071279,8
Q315664,8
Q108871,8
Q499552,8
Q5636705,8
Q5544968,8
Q901010,8
Q673627,8
Q3277324,8
Q317824,8
Q967,8
Q2249113,8
Q2623789,8
Q34,8
Q573558,8
Q305169,8
Q946613,8
Q392365,8
Q14036428,8
Q819196,8
Q679568,8
Q4941958,8
Q1523941,8
Q791444,8
Q3092,8
Q10339864,8
Q582320,8
Q1689117,8
Q15621765,8
Q834893,8
Q2537602,8
Q1327793,8
Q192493,8
Q1475230,8
Q933550,8
Q182849,8
Q156168,8
Q604604,8
Q21231512,8
Q936884,8
Q21257263,8
Q21907073,8
Q12145085,8
Q5539972,8
Q150047,8
Q185620,8
Q447300,8
Q131198,8
Q496031,8
Q5959,8
Q472024,8
Q3460429,8
Q20253947,8
Q27343,8
Q494871,8
Q616578,8
Q852433,8
Q48472,8
Q6454446,8
Q110436,8
Q14857578,8
Q5650999,8
Q2524635,8
Q1322906,8
Q1659640,8
Q190048,8
Q733676,8
Q1364884,8
Q1889123,8
Q24717996,8
Q1254088,8
Q1763638,8
Q27985,8
Q2593159,8
Q1071674,8
Q285584,8
Q2211959,8
Q319296,8
Q504315,8
Q1656994,8
Q314834,8
Q949879,8
Q16226475,8
Q1362428,8
Q16708275,8
Q2671395,8
Q11156,8
Q190184,8
Q842328,8
Q200096,8
Q181007,8
Q557784,8
Q214827,8
Q843147,8
Q1216160,8
Q210055,8
Q16135003,8
Q307,8
Q200521,8
Q2655531,8
Q647417,8
Q45318,8
Q158759,8
Q10650719,8
Q309426,8
Q2576334,8
Q921510,8
Q948975,8
Q263043,8
Q920584,8
Q109437,8
Q192686,8
Q1534786,8
Q1165259,8
Q22939575,8
Q210364,8
Q1796783,8
Q242176,8
Q913567,8
Q16253773,8
Q16326137,8
Q31347,8
Q29446,8
Q657301,8
Q26773037,8
Q1685888,8
Q1992645,8
Q1294148,8
Q3736133,8
Q12103758,8
Q193496,8
Q708306,8
Q16303782,8
Q375073,8
Q1307044,8
Q629436,8
Q17112726,8
Q11812902,8
Q4522,8
Q179570,8
Q533849,8
Q581666,8
Q679023,8
Q620558,8
Q331099,8
Q470891,8
Q2733411,8
Q4103201,8
Q10262415,8
Q2059319,8
Q190060,8
Q230025,8
Q1981076,8
Q936302,8
Q165671,8
Q2898662,8
Q3381943,8
Q52495,8
Q118468,8
Q2608391,8
Q156316,8
Q1004657,8
Q22022180,8
Q817228,8
Q184427,8
Q1591872,8
Q10810559,8
Q1028,7
Q414,7
Q15059358,7
Q16025,7
Q751769,7
Q16864725,7
Q3010450,7
Q23012068,7
Q918629,7
Q698492,7
Q2064179,7
Q1760081,7
Q3809195,7
Q4796634,7
Q2075458,7
Q751805,7
Q18356955,7
Q28061,6
Q2513,6
Q1647948,6
Q13374569,6
Q1506377,6
Q24284216,6
Q509384,6
Q9587596,6
Q163560,6
Q165817,6
Q1398332,6
Q16090051,6
Q1252049,6
Q10546516,6
Q21585380,6
Q922,6
Q4521,6
Q16604373,6
Q31,6
Q864680,6
Q1416896,6
Q1057015,6
Q43278,6
Q26595,6
Q4280417,6
Q5480495,6
Q2551026,6
Q907640,6
Q46275,6
Q753899,6
Q843612,6
Q7091872,6
Q4661341,6
Q244398,6
Q462418,6
Q452171,6
Q501638,6
Q17014394,6
Q785072,6
Q1102220,6
Q4516,6
Q7350062,6
Q1139652,6
Q3061609,6
Q1471493,6
Q3737854,6
Q1197861,6
Q15262812,6
Q4070192,6
Q159638,6
Q656118,6
Q441185,6
Q9427,6
Q21714434,6
Q916974,6
Q6131874,6
Q543581,6
Q6153869,6
Q3211859,6
Q188273,6
Q903796,6
Q285802,6
Q132679,6
Q1141009,6
Q16615831,6
Q1300148,6
Q7342731,6
Q19276001,6
Q739275,6
Q169577,6
Q156439,6
Q20899498,6
Q466593,6
Q134905,6
Q5475673,6
Q2030964,6
Q6220244,6
Q466075,6
Q754791,6
Q876451,6
Q210678,6
Q855003,6
Q9321426,6
Q591063,6
Q8561227,6
Q18155770,6
Q56004,6
Q3389800,6
Q729782,6
Q3471146,6
Q223887,6
Q268987,6
Q435468,6
Q1783832,6
Q434038,6
Q16395232,6
Q155743,6
Q265453,6
Q158822,6
Q215897,6
Q12100227,6
Q14948553,6
Q3446930,6
Q17633148,6
Q740104,6
Q3197288,6
Q751197,6
Q1121835,6
Q91413,6
Q947732,6
Q258448,6
Q1754442,6
Q6810919,6
Q22233706,6
Q769346,6
Q688060,6
Q436119,6
Q879174,6
Q506511,6
Q1368798,6
Q2056364,6
Q1345409,6
Q2003436,6
Q257630,6
Q2238642,6
Q1788811,6
Q264766,6
Q3202947,6
Q1367548,6
Q180274,6
Q1572865,6
Q49003,6
Q18536420,6
Q465009,6
Q880426,6
Q15406043,6
Q837627,6
Q119931,6
Q1251914,6
Q11648811,6
Q191504,6
Q692275,6
Q112284,6
Q651314,6
Q957894,6
Q10951073,6
Q173532,6
Q1137899,6
Q251692,6
Q318910,6
Q257598,6
Q192518,6
Q1120536,6
Q20021863,6
Q276032,6
Q970717,6
Q322206,6
Q26835506,6
Q1107829,6
Q961786,6
Q2915418,6
Q505175,6
Q933116,6
Q381185,6
Q36160,6
Q224130,6
Q7285399,6
Q235004,6
Q1187592,6
Q636194,6
Q1353565,6
Q132266,6
Q18636368,6
Q3972788,6
Q2103,6
Q106481,6
Q1229070,6
Q3364446,6
Q217552,6
Q913440,6
Q186572,6
Q5421429,6
Q908710,6
Q205150,6
Q3990397,6
Q1916959,6
Q315081,6
Q191966,6
Q15545272,6
Q2905517,6
Q5747,6
Q1168705,6
Q17607210,6
Q362190,6
Q359563,6
Q4046338,6
Q220993,6
Q1077596,6
Q334763,6
Q5887360,6
Q1876361,6
Q464913,6
Q10387302,6
Q125445,6
Q1213633,6
Q3417232,6
Q318467,6
Q847024,6
Q3422730,6
Q221384,6
Q22953730,6
Q4132,6
Q14623630,6
Q3206986,6
Q4662712,6
Q837945,6
Q507826,5
Q499295,5
Q280820,5
Q485250,5
Q494223,5
Q490420,5
Q108837,5
Q489894,5
Q495273,5
Q514093,5
Q111368,5
Q505272,5
Q276772,5
Q485383,5
Q491872,5
Q488659,5
Q115386,5
Q108367,5
Q376838,5
Q63718,5
Q491878,5
Q512816,5
Q4954047,5
Q400747,5
Q489668,5
Q495310,5
Q109981,5
Q491941,5
Q486495,5
Q486486,5
Q489711,5
Q113237,5
Q111575,5
Q489702,5
Q27031,5
Q503081,5
Q181967,5
Q110516,5
Q502351,5
Q490423,5
Q484590,5
Q489677,5
Q27021,5
Q485715,5
Q502777,5
Q490168,5
Q26895,5
Q484607,5
Q483958,5
Q110495,5
Q494569,5
Q402945,5
Q488528,5
Q503478,5
Q494564,5
Q494560,5
Q54163,5
Q110773,5
Q111729,5
Q484582,5
Q483954,5
Q490986,5
Q490009,5
Q498077,5
Q501263,5
Q490344,5
Q484600,5
Q374908,5
Q239838,5
Q1130480,5
Q338424,5
Q491452,5
Q387978,5
Q54240,5
Q502511,5
Q485710,5
Q61029,5
Q488653,5
Q487534,5
Q501559,5
Q484586,5
Q28316,5
Q484633,5
Q485780,5
Q336948,5
Q108832,5
Q491276,5
Q489613,5
Q111876,5
Q501096,5
Q491272,5
Q485478,5
Q485787,5
Q641760,5
Q110555,5
Q61296,5
Q48905,5
Q513933,5
Q48931,5
Q506357,5
Q58712,5
Q504366,5
Q61024,5
Q491208,5
Q376990,5
Q494970,5
Q114043,5
Q138141,5
Q82603,5
Q263930,5
Q113029,5
Q502587,5
Q495672,5
Q495613,5
Q507459,5
Q48831,5
Q311921,5
Q502069,5
Q490190,5
Q496700,5
Q61414,5
Q54235,5
Q488219,5
Q111766,5
Q280838,5
Q224910,5
Q495043,5
Q490972,5
Q376330,5
Q6056379,5
Q386189,5
Q485600,5
Q495096,5
Q495090,5
Q48937,5
Q489861,5
Q487322,5
Q503583,5
Q507853,5
Q507733,5
Q486526,5
Q506326,5
Q108827,5
Q495918,5
Q376755,5
Q14522920,5
Q495417,5
Q114904,5
Q312155,5
Q497845,5
Q109670,5
Q507722,5
Q110904,5
Q484150,5
Q487605,5
Q192992,5
Q951290,5
Q507629,5
Q751202,5
Q285625,5
Q108866,5
Q495326,5
Q1648540,5
Q504422,5
Q495969,5
Q27245,5
Q494233,5
Q496716,5
Q109626,5
Q54236,5
Q28308,5
Q493957,5
Q496678,5
Q493049,5
Q484388,5
Q114140,5
Q336167,5
Q493951,5
Q26760,5
Q501101,5
Q485808,5
Q488912,5
Q28523,5
Q489062,5
Q491590,5
Q339175,5
Q5082828,5
Q61086,5
Q484559,5
Q490477,5
Q491569,5
Q108612,5
Q501270,5
Q156643,5
Q375019,5
Q509838,5
Q374471,5
Q115480,5
Q498319,5
Q341865,5
Q510407,5
Q485577,5
Q490161,5
Q500784,5
Q500674,5
Q112107,5
Q506676,5
Q509848,5
Q485804,5
Q495261,5
Q489716,5
Q507028,5
Q375008,5
Q484551,5
Q513994,5
Q510244,5
Q156481,5
Q402938,5
Q505505,5
Q3801252,5
Q513078,5
Q500702,5
Q499547,5
Q486838,5
Q510934,5
Q494138,5
Q490088,5
Q501968,5
Q2083821,5
Q494093,5
Q110500,5
Q496664,5
Q484535,5
Q110504,5
Q26676,5
Q494098,5
Q48920,5
Q489536,5
Q494799,5
Q490471,5
Q491857,5
Q505975,5
Q491032,5
Q82510,5
Q488475,5
Q109293,5
Q515177,5
Q495393,5
Q495003,5
Q487003,5
Q16261842,5
Q156619,5
Q502081,5
Q61005,5
Q26716,5
Q503538,5
Q113201,5
Q485038,5
Q484776,5
Q506145,5
Q156613,5
Q484771,5
Q389783,5
Q506168,5
Q156634,5
Q485006,5
Q485001,5
Q494905,5
Q156431,5
Q490210,5
Q483923,5
Q495640,5
Q496511,5
Q181015,5
Q263742,5
Q932951,5
Q504415,5
Q109641,5
Q495649,5
Q507782,5
Q491868,5
Q3442353,5
Q112957,5
Q126829,5
Q506498,5
Q490869,5
Q235411,5
Q501939,5
Q506363,5
Q374334,5
Q558102,5
Q112550,5
Q513891,5
Q484461,5
Q511761,5
Q496197,5
Q490029,5
Q312742,5
Q507244,5
Q503870,5
Q110655,5
Q502560,5
Q26622,5
Q485430,5
Q507139,5
Q336183,5
Q109825,5
Q45438,5
Q312734,5
Q489690,5
Q491837,5
Q509798,5
Q195658,5
Q490522,5
Q156568,5
Q510885,5
Q376640,5
Q491184,5
Q491646,5
Q501298,5
Q498058,5
Q351865,5
Q490077,5
Q504397,5
Q503546,5
Q503093,5
Q312744,5
Q502244,5
Q113056,5
Q502393,5
Q312748,5
Q489912,5
Q498286,5
Q376096,5
Q483893,5
Q376129,5
Q113906,5
Q494552,5
Q492070,5
Q188275,5
Q483942,5
Q182176,5
Q6352529,5
Q378438,5
Q382993,5
Q495059,5
Q498353,5
Q486757,5
Q54076,5
Q374663,5
Q376616,5
Q111831,5
Q496737,5
Q113793,5
Q486517,5
Q54442,5
Q26616,5
Q110539,5
Q179532,5
Q513758,5
Q506489,5
Q117917,5
Q494541,5
Q493134,5
Q502952,5
Q491889,5
Q492044,5
Q490896,5
Q109656,5
Q495234,5
Q54447,5
Q312487,5
Q112271,5
Q180785,5
Q490033,5
Q494480,5
Q494776,5
Q494771,5
Q502483,5
Q486843,5
Q156575,5
Q505287,5
Q61012,5
Q491988,5
Q486503,5
Q486054,5
Q400757,5
Q490859,5
Q486348,5
Q137562,5
Q491850,5
Q491073,5
Q489056,5
Q489729,5
Q495944,5
Q490450,5
Q168144,5
Q111517,5
Q502373,5
Q1348275,5
Q491243,5
Q495625,5
Q265079,5
Q502047,5
Q491882,5
Q484474,5
Q511069,5
Q501587,5
Q346434,5
Q61010,5
Q109616,5
Q54446,5
Q114459,5
Q115298,5
Q489687,5
Q61048,5
Q484521,5
Q113919,5
Q111549,5
Q494254,5
Q500758,5
Q500751,5
Q488499,5
Q507798,5
Q497482,5
Q513744,5
Q506300,5
Q374765,5
Q501918,5
Q503461,5
Q510947,5
Q504445,5
Q54445,5
Q387216,5
Q501596,5
Q495839,5
Q112915,5
Q498621,5
Q156608,5
Q174913,5
Q12125299,5
Q108058,5
Q109289,5
Q485660,5
Q27009,5
Q486435,5
Q486848,5
Q502278,5
Q507321,5
Q502487,5
Q490789,5
Q502014,5
Q485426,5
Q374973,5
Q485455,5
Q489767,5
Q496764,5
Q403544,5
Q27051,5
Q384737,5
Q489751,5
Q489756,5
Q484748,5
Q379474,5
Q496558,5
Q493083,5
Q32349,5
Q109503,5
Q529958,5
Q219315,5
Q370654,5
Q502072,5
Q21806470,5
Q262708,5
Q109508,5
Q491229,5
Q502077,5
Q108067,5
Q484411,5
Q495332,5
Q488537,5
Q156385,5
Q156500,5
Q156503,5
Q515150,5
Q495409,5
Q494931,5
Q507308,5
Q494936,5
Q486043,5
Q486191,5
Q153484,5
Q311908,5
Q311901,5
Q486048,5
Q491004,5
Q187491,5
Q485402,5
Q61289,5
Q485448,5
Q502479,5
Q493079,5
Q486920,5
Q485291,5
Q500734,5
Q61315,5
Q503883,5
Q488701,5
Q497795,5
Q495937,5
Q506321,5
Q494203,5
Q485445,5
Q494207,5
Q108372,5
Q489553,5
Q459398,5
Q484450,5
Q509757,5
Q499551,5
Q110565,5
Q926589,5
Q280815,5
Q484612,5
Q109160,5
Q220005,5
Q115316,5
Q491173,5
Q114948,5
Q108143,5
Q485412,5
Q491170,5
Q497728,5
Q490989,5
Q486765,5
Q486143,5
Q490023,5
Q112115,5
Q188376,5
Q504379,5
Q27037,5
Q507382,5
Q487283,5
Q487280,5
Q501954,5
Q495845,5
Q487288,5
Q501067,5
Q488492,5
Q484420,5
Q495667,5
Q490400,5
Q502925,5
Q503064,5
Q337402,5
Q156188,5
Q61036,5
Q156186,5
Q404898,5
Q485795,5
Q61032,5
Q376764,5
Q506175,5
Q506172,5
Q491178,5
Q115166,5
Q500793,5
Q484752,5
Q110532,5
Q156270,5
Q137916,5
Q505392,5
Q505398,5
Q484755,5
Q493102,5
Q506506,5
Q374484,5
Q200696,5
Q495979,5
Q124637,5
Q486530,5
Q156295,5
Q500992,5
Q483916,5
Q485491,5
Q488194,5
Q496744,5
Q26766,5
Q513905,5
Q492026,5
Q495219,5
Q484505,5
Q492066,5
Q484509,5
Q179950,5
Q505292,5
Q511487,5
Q501974,5
Q502549,5
Q109447,5
Q109442,5
Q502543,5
Q511772,5
Q511834,5
Q494926,5
Q494923,5
Q513950,5
Q74704,5
Q494764,5
Q113783,5
Q109518,5
Q491011,5
Q496292,5
Q503554,5
Q488847,5
Q488512,5
Q372364,5
Q427732,5
Q399647,5
Q112781,5
Q26601,5
Q112686,5
Q486154,5
Q61470,5
Q506235,5
Q109779,5
Q115556,5
Q61077,5
Q172613,5
Q113962,5
Q484457,5
Q486538,5
Q491140,5
Q502380,5
Q26631,5
Q146673,5
Q110486,5
Q491991,5
Q501022,5
Q112220,5
Q512746,5
Q486064,5
Q54064,5
Q54066,5
Q490432,5
Q486067,5
Q502036,5
Q489616,5
Q492053,5
Q489610,5
Q485042,5
Q111280,5
Q490807,5
Q501602,5
Q377023,5
Q513010,5
Q108408,5
Q501935,5
Q108047,5
Q108403,5
Q110482,5
Q111759,5
Q109312,5
Q26807,5
Q502386,5
Q507169,5
Q2708051,5
Q493125,5
Q480981,5
Q502054,5
Q281681,5
Q54238,5
Q484767,5
Q495269,5
Q486210,5
Q485221,5
Q111753,5
Q494072,5
Q496045,5
Q485030,5
Q494077,5
Q485741,5
Q488572,5
Q501029,5
Q488576,5
Q338052,5
Q111694,5
Q240621,5
Q373348,5
Q108821,5
Q111859,5
Q257311,5
Q375803,5
Q491026,5
Q340591,5
Q486087,5
Q374527,5
Q374256,5
Q486664,5
Q261380,5
Q501060,5
Q489652,5
Q489855,5
Q489880,5
Q485944,5
Q486453,5
Q501151,5
Q450374,5
Q489886,5
Q110412,5
Q110760,5
Q112634,5
Q173867,5
Q71202,5
Q500854,5
Q491970,5
Q506376,5
Q253538,5
Q115014,5
Q15109729,5
Q156366,5
Q507180,5
Q497208,5
Q112846,5
Q111894,5
Q336322,5
Q169952,5
Q113823,5
Q450159,5
Q505854,5
Q501323,5
Q486336,5
Q486401,5
Q110764,5
Q502451,5
Q1125008,5
Q94031,5
Q288592,5
Q156464,5
Q61327,5
Q156468,5
Q335121,5
Q489873,5
Q127975,5
Q1201853,5
Q505405,5
Q4026942,5
Q494810,5
Q54438,5
Q489369,5
Q127972,5
Q54072,5
Q127979,5
Q489088,5
Q484335,5
Q485553,5
Q494751,5
Q489793,5
Q503455,5
Q511849,5
Q485969,5
Q490649,5
Q489318,5
Q506557,5
Q494634,5
Q115227,5
Q376822,5
Q61145,5
Q496453,5
Q379663,5
Q379665,5
Q61148,5
Q370310,5
Q336337,5
Q376069,5
Q738043,5
Q108386,5
Q501130,5
Q484791,5
Q249638,5
Q484124,5
Q505841,5
Q502377,5
Q500698,5
Q3492392,5
Q540907,5
Q502404,5
Q374547,5
Q477951,5
Q491116,5
Q82499,5
Q502400,5
Q493250,5
Q61355,5
Q493255,5
Q488892,5
Q491899,5
Q377148,5
Q61350,5
Q24645,5
Q501345,5
Q502715,5
Q494241,5
Q495246,5
Q506975,5
Q54089,5
Q494117,5
Q495448,5
Q501563,5
Q156496,5
Q114843,5
Q108520,5
Q491547,5
Q115404,5
Q54082,5
Q48917,5
Q48910,5
Q508192,5
Q506921,5
Q485467,5
Q375143,5
Q111421,5
Q312509,5
Q509770,5
Q494822,5
Q109275,5
Q26762,5
Q501242,5
Q490946,5
Q312470,5
Q511478,5
Q20790440,5
Q112565,5
Q370329,5
Q512713,5
Q484300,5
Q495151,5
Q497602,5
Q489106,5
Q426360,5
Q496176,5
Q484247,5
Q198529,5
Q501989,5
Q109270,5
Q94663,5
Q485361,5
Q484183,5
Q61173,5
Q502468,5
Q61176,5
Q26723,5
Q502288,5
Q340608,5
Q346959,5
Q389365,5
Q504335,5
Q109846,5
Q490734,5
Q379585,5
Q506015,5
Q485588,5
Q181903,5
Q503442,5
Q488831,5
Q484330,5
Q497615,5
Q115125,5
Q495142,5
Q115463,5
Q506752,5
Q484354,5
Q495169,5
Q485896,5
Q509926,5
Q498128,5
Q484239,5
Q3402287,5
Q490642,5
Q505387,5
Q506682,5
Q133853,5
Q487243,5
Q156444,5
Q485910,5
Q498028,5
Q156440,5
Q108861,5
Q506209,5
Q501331,5
Q108793,5
Q110900,5
Q488461,5
Q507838,5
Q115247,5
Q504329,5
Q488865,5
Q485646,5
Q63729,5
Q488868,5
Q493610,5
Q156306,5
Q496656,5
Q500827,5
Q501292,5
Q491702,5
Q4750478,5
Q495564,5
Q491456,5
Q61346,5
Q375108,5
Q156448,5
Q485791,5
Q488879,5
Q490695,5
Q490925,5
Q108122,5
Q506068,5
Q312563,5
Q495479,5
Q488874,5
Q493040,5
Q496900,5
Q111174,5
Q61135,5
Q115182,5
Q485441,5
Q507099,5
Q130008,5
Q497642,5
Q263418,5
Q490112,5
Q26598,5
Q376776,5
Q490322,5
Q108788,5
Q491288,5
Q113815,5
Q486301,5
Q58684,5
Q486305,5
Q115568,5
Q497917,5
Q501306,5
Q182644,5
Q277728,5
Q501835,5
Q501839,5
Q74686,5
Q426746,5
Q115344,5
Q507414,5
Q511164,5
Q156455,5
Q489486,5
Q489332,5
Q488668,5
Q108962,5
Q490129,5
Q111409,5
Q63953,5
Q63951,5
Q502442,5
Q490671,5
Q26705,5
Q490903,5
Q108397,5
Q304289,5
Q494626,5
Q58692,5
Q494579,5
Q486659,5
Q104994,5
Q490710,5
Q488859,5
Q109209,5
Q501147,5
Q109686,5
Q280596,5
Q112673,5
Q426398,5
Q502743,5
Q496146,5
Q366959,5
Q484780,5
Q167580,5
Q506086,5
Q376546,5
Q494152,5
Q111400,5
Q189869,5
Q490498,5
Q490494,5
Q848649,5
Q486091,5
Q485526,5
Q501819,5
Q500818,5
Q61157,5
Q61150,5
Q499542,5
Q490937,5
Q486380,5
Q58771,5
Q487403,5
Q108137,5
Q108131,5
Q507256,5
Q501827,5
Q18407657,5
Q493443,5
Q505874,5
Q111168,5
Q489159,5
Q488683,5
Q491311,5
Q110212,5
Q312449,5
Q490914,5
Q496125,5
Q486313,5
Q112869,5
Q502419,5
Q113748,5
Q502414,5
Q61339,5
Q506690,5
Q491447,5
Q498116,5
Q488885,5
Q496152,5
Q484194,5
Q473605,5
Q486386,5
Q193230,5
Q484222,5
Q484224,5
Q497979,5
Q495985,5
Q501575,5
Q491894,5
Q496086,5
Q511084,5
Q54165,5
Q497634,5
Q54262,5
Q486394,5
Q490953,5
Q109705,5
Q61204,5
Q312451,5
Q61500,5
Q312453,5
Q503864,5
Q496132,5
Q486139,5
Q485623,5
Q376086,5
Q484629,5
Q515220,5
Q26735,5
Q61370,5
Q502456,5
Q490958,5
Q490757,5
Q513792,5
Q26699,5
Q506525,5
Q485378,5
Q485370,5
Q742532,5
Q511659,5
Q485592,5
Q108111,5
Q502732,5
Q487564,5
Q54258,5
Q507575,5
Q58688,5
Q495181,5
Q497824,5
Q488582,5
Q494198,5
Q489306,5
Q115258,5
Q115433,5
Q16861,5
Q485539,5
Q491136,5
Q484734,5
Q485536,5
Q576088,5
Q113756,5
Q502200,5
Q490287,5
Q495738,5
Q113151,5
Q506563,5
Q56146,5
Q1471752,5
Q484263,5
Q137828,5
Q337688,5
Q506547,5
Q485628,5
Q502719,5
Q312586,5
Q115216,5
Q487738,5
Q484624,5
Q486137,5
Q504294,5
Q493033,5
Q488810,5
Q487731,5
Q379654,5
Q488769,5
Q487716,5
Q488818,5
Q384890,5
Q483857,5
Q376703,5
Q426699,5
Q495834,5
Q485729,5
Q114550,5
Q502729,5
Q505417,5
Q26610,5
Q484340,5
Q505411,5
Q48878,5
Q61365,5
Q490740,5
Q502727,5
Q501115,5
Q113255,5
Q377035,5
Q20828882,5
Q512981,5
Q376576,5
Q494818,5
Q495078,5
Q502722,5
Q111844,5
Q496475,5
Q4661522,5
Q111851,5
Q159063,5
Q26689,5
Q506937,5
Q487610,5
Q483950,5
Q379657,5
Q507117,5
Q497377,5
Q387555,5
Q486994,5
Q486621,5
Q490360,5
Q24646,5
Q507112,5
Q483868,5
Q495105,5
Q486362,5
Q487581,5
Q179954,5
Q336229,5
Q495376,5
Q110768,5
Q498301,5
Q112499,5
Q375608,5
Q341708,5
Q2979643,5
Q502348,5
Q163529,5
Q58686,5
Q502342,5
Q488649,5
Q505347,5
Q26880,5
Q486366,5
Q29118,5
Q312201,5
Q487016,5
Q500984,5
Q182845,5
Q495581,5
Q375991,5
Q495588,5
Q375996,5
Q498163,5
Q491533,5
Q506552,5
Q495257,5
Q484296,5
Q495252,5
Q491129,5
Q475301,5
Q496589,5
Q108626,5
Q373886,5
Q501172,5
Q377171,5
Q485736,5
Q489993,5
Q490722,5
Q503028,5
Q485974,5
Q114884,5
Q509826,5
Q485513,5
Q403184,5
Q193167,5
Q488560,5
Q490318,5
Q109695,5
Q490716,5
Q493243,5
Q486207,5
Q623443,5
Q403777,5
Q507616,5
Q495799,5
Q26519,5
Q115200,5
Q488796,5
Q490283,5
Q496644,5
Q156471,5
Q496440,5
Q491931,5
Q26914,5
Q507230,5
Q156479,5
Q484482,5
Q47944,5
Q507966,5
Q486352,5
Q114339,5
Q490727,5
Q112823,5
Q489869,5
Q498155,5
Q502473,5
Q248521,5
Q61167,5
Q503877,5
Q501157,5
Q156342,5
Q26730,5
Q1519550,5
Q61160,5
Q3125123,4
Q704513,4
Q3136063,4
Q598892,4
Q2831106,4
Q3210332,4
Q5200617,4
Q705003,4
Q47163,4
Q14566553,4
Q21034398,4
Q5705,4
Q188754,4
Q928664,4
Q21727692,4
Q2671993,4
Q636714,4
Q966721,4
Q1687611,4
Q748986,4
Q223992,4
Q5326465,4
Q2844865,4
Q19355766,4
Q1135808,4
Q1717353,4
Q3210552,4
Q1046414,4
Q8038,4
Q915362,4
Q1584983,4
Q164161,4
Q686914,4
Q4661926,4
Q2731368,4
Q20670796,4
Q433505,4
Q632737,4
Q17548046,4
Q474632,4
Q914231,4
Q932444,4
Q1763992,4
Q536197,4
Q12125635,4
Q471717,4
Q1257189,4
Q532440,4
Q200693,4
Q5455885,4
Q1869916,4
Q3212493,4
Q791573,4
Q23012051,4
Q621330,4
Q936285,4
Q586575,4
Q482423,4
Q3110904,4
Q16221518,4
Q4933458,4
Q1921177,4
Q236421,4
Q2250035,4
Q110374,4
Q510864,4
Q19371724,4
Q847719,4
Q458494,4
Q468851,4
Q467947,4
Q947742,4
Q1627905,4
Q2794995,4
Q17080,4
Q13417189,4
Q21296543,4
Q3567130,4
Q313348,4
Q607419,4
Q184429,4
Q5354401,4
Q3448461,4
Q18759612,4
Q7280230,4
Q679891,4
Q20235,4
Q244140,4
Q3168354,4
Q15407653,4
Q3896119,4
Q3193645,4
Q1061313,4
Q1019186,4
Q173136,4
Q19894254,4
Q593147,4
Q440375,4
Q370956,4
Q1914469,4
Q756852,4
Q1505923,4
Q3629631,4
Q431804,4
Q20047076,4
Q3142623,4
Q298818,4
Q111250,4
Q42478,4
Q464942,4
Q14655414,4
Q317343,4
Q3288844,4
Q1317,4
Q59318,4
Q539518,4
Q4894234,4
Q768899,4
Q4552091,4
Q18704870,4
Q552025,4
Q3174958,4
Q475789,4
Q600189,4
Q743129,4
Q747875,4
Q333968,4
Q218679,4
Q3530081,4
Q685476,4
Q17019453,4
Q16228915,4
Q2914326,4
Q1146315,4
Q3370031,4
Q326571,4
Q1757053,4
Q107194,4
Q6817875,4
Q1277329,4
Q3174971,4
Q73803,4
Q717147,4
Q22097159,4
Q2956419,4
Q20090091,4
Q509922,4
Q1595417,4
Q5540479,4
Q61757,4
Q3752603,4
Q703634,4
Q4185,4
Q726842,4
Q6349962,4
Q243601,4
Q2900148,4
Q2072102,4
Q2846031,4
Q3046409,4
Q18203180,4
Q47221,4
Q9213,4
Q690463,4
Q1046818,4
Q19544230,4
Q304074,4
Q21791432,4
Q391406,4
Q179051,4
Q317666,4
Q7044789,4
Q16045281,4
Q4744225,4
Q4680027,4
Q3390497,4
Q212,4
Q2231608,4
Q182658,4
Q584125,4
Q1726,4
Q20739542,4
Q457304,4
Q218,4
Q23880,4
Q115728,4
Q22234726,4
Q1129992,4
Q3119914,4
Q877626,4
Q532827,4
Q809051,4
Q220645,4
Q5216712,4
Q5111183,4
Q4884160,4
Q788822,4
Q5937625,4
Q80258,4
Q1194465,4
Q233588,4
Q275,4
Q11257230,4
Q376982,4
Q1851033,4
Q18413811,4
Q193,4
Q960125,4
Q558991,4
Q1338368,4
Q584212,4
Q7211919,4
Q981256,4
Q192201,4
Q179503,4
Q209643,4
Q3159830,4
Q192022,4
Q7049902,4
Q461777,4
Q3447013,4
Q2684610,4
Q5979948,4
Q86839,4
Q3221216,4
Q5753301,4
Q16142791,4
Q77719,4
Q301049,4
Q21578,4
Q314418,4
Q962310,4
Q12101280,4
Q4954719,4
Q3609433,4
Q332381,4
Q440344,4
Q5826819,4
Q25171922,4
Q597023,4
Q926083,4
Q18389602,4
Q4747068,4
Q6109663,4
Q25496,4
Q229808,4
Q6248771,4
Q1254068,4
Q2624961,4
Q15991633,4
Q433530,4
Q185764,4
Q354043,4
Q4376116,4
Q102483,4
Q6221152,4
Q4975691,4
Q2004681,4
Q174779,4
Q57485,4
Q652700,4
Q109116,4
Q778743,4
Q18613571,4
Q1299740,4
Q15777,4
Q241736,4
Q2559020,4
Q3527668,4
Q18913176,4
Q5284,4
Q14387340,4
Q413293,4
Q178835,4
Q1664773,4
Q22231643,4
Q5755883,4
Q3158354,4
Q770661,4
Q854672,4
Q128518,4
Q556933,4
Q13550796,4
Q353164,4
Q5216041,4
Q15141747,4
Q1606202,4
Q47492,4
Q156292,4
Q494364,4
Q2811296,4
Q3473180,4
Q527792,4
Q286140,4
Q182580,4
Q171857,4
Q3174051,4
Q5722472,4
Q5449406,4
Q3027574,4
Q288473,4
Q297357,4
Q2723413,4
Q1355838,4
Q5329771,4
Q2671615,4
Q578312,4
Q751146,4
Q16386722,4
Q366833,4
Q44286,4
Q5765863,4
Q69799,4
Q1220796,4
Q7033473,4
Q14775069,4
Q6798475,4
Q1274573,4
Q927535,4
Q5061887,4
Q17052504,4
Q3231865,4
Q500397,4
Q6746339,4
Q274334,4
Q5107033,4
Q447441,4
Q1382570,4
Q461204,4
Q379759,4
Q166262,4
Q153430,4
Q138614,4
Q14826360,4
Q2703769,4
Q156163,4
Q130311,4
Q697501,4
Q21061767,4
Q935153,4
Q2060495,4
Q1137844,4
Q4913090,4
Q316013,4
Q215429,4
Q260318,4
Q7115336,4
Q28189,4
Q753162,4
Q561741,4
Q980660,4
Q622814,4
Q13445805,4
Q919064,4
Q3447237,4
Q215992,4
Q3412658,4
Q5044106,4
Q852546,4
Q3630,4
Q1338338,4
Q435829,4
Q483941,4
Q497401,4
Q808563,4
Q239748,4
Q644552,4
Q774178,4
Q9237,4
Q731250,4
Q3451142,4
Q102419,4
Q3869964,4
Q3116390,4
Q208181,4
Q168307,4
Q18149041,4
Q771687,4
Q6729553,4
Q761519,4
Q3447191,4
Q1974274,4
Q217487,4
Q3418196,4
Q903792,4
Q645263,4
Q601397,4
Q1197293,4
Q1427248,4
Q1399728,4
Q3426823,4
Q180338,4
Q771197,4
Q6682907,4
Q398754,4
Q11016734,4
Q37,4
Q3772,4
Q376165,4
Q503835,4
Q19371653,4
Q12125895,4
Q801,4
Q739065,4
Q5091444,4
Q2850202,4
Q16938834,4
Q475453,4
Q61389,4
Q13111785,4
Q1067812,4
Q29658,4
Q3390296,4
Q576975,4
Q874027,4
Q25436,4
Q1818935,4
Q957416,4
Q111259,4
Q1068224,4
Q337206,4
Q157886,4
Q101022,4
Q11060926,4
Q2865398,4
Q382176,4
Q3820860,4
Q15079316,4
Q174139,4
Q17053260,4
Q5666715,4
Q1214169,4
Q4523,4
Q217069,4
Q4528,4
Q1393655,4
Q6883901,4
Q6125320,4
Q915385,4
Q639487,4
Q16999215,4
Q10478687,4
Q34215,4
Q828417,4
Q371743,4
Q5583506,4
Q318181,4
Q361100,4
Q320049,4
Q2104675,4
Q23071912,4
Q22986649,4
Q3087739,4
Q16529303,4
Q1038902,4
Q4839311,4
Q308893,4
Q142695,4
Q288229,4
Q621134,4
Q22277091,4
Q458668,4
Q381002,4
Q44301,4
Q26837026,4
Q3143099,4
Q3990692,4
Q45,4
Q4889361,4
Q6131364,4
Q21772266,4
Q2594947,4
Q683815,4
Q615720,4
Q1279597,4
Q1182106,4
Q4898702,4
Q1494793,4
Q4778356,4
Q20979605,4
Q203197,4
Q495241,4
Q330095,4
Q17893055,4
Q832262,4
Q6834055,4
Q9037283,4
Q16186565,4
Q138024,4
Q2980643,4
Q173281,4
Q1575925,4
Q676520,4
Q924276,4
Q793827,4
Q847126,4
Q3608281,4
Q84482,4
Q735920,4
Q3704828,4
Q834521,4
Q4519,4
Q602236,4
Q46650,4
Q3449428,4
Q4171787,4
Q3266433,4
Q4750685,4
Q74885,4
Q62861,4
Q14955215,4
Q3965031,4
Q1882866,4
Q846901,4
Q562529,4
Q1107725,4
Q1123956,4
Q6847053,4
Q463615,4
Q1976980,4
Q206904,4
Q569766,4
Q21063851,4
Q794629,4
Q439095,4
Q742362,4
Q649254,4
Q158486,4
Q10681375,4
Q117217,4
Q15406540,4
Q2740012,4
Q22284390,4
Q3380712,4
Q728404,4
Q6536895,4
Q19899267,4
Q575398,4
Q265702,4
Q1255212,4
Q27964,4
Q17320100,4
Q936808,4
Q432730,4
Q26774910,4
Q7293002,4
Q217020,4
Q3266461,4
Q736274,4
Q598865,4
Q1283552,4
Q3234736,4
Q1753075,4
Q4906613,4
Q753895,4
Q847009,4
Q204672,4
Q9698204,4
Q206124,4
Q2975153,4
Q458450,4
Q25171995,4
Q5099196,4
Q111,4
Q17426163,4
Q3425309,4
Q12034876,4
Q5608758,4
Q880636,4
Q1541665,4
Q22055510,4
Q7307367,4
Q1163943,4
Q107370,4
Q350966,4
Q503387,4
Q1749041,4
Q525860,4
Q9202,4
Q128854,4
Q2062559,4
Q14500403,4
Q192764,4
Q9252,4
Q276553,4
Q6247448,4
Q1357170,4
Q861570,4
Q7325552,4
Q3320601,4
Q215315,4
Q2822966,4
Q18275868,4
Q725906,4
Q5396588,4
Q966780,4
Q316785,4
Q3289246,4
Q771541,4
Q21652228,4
Q725176,4
Q724484,4
Q516222,4
Q1784824,4
Q582996,4
Q704166,4
Q16494458,4
Q1156769,4
Q1684617,4
Q498297,4
Q1691470,4
Q3300815,3
Q929818,3
Q1133132,3
Q19824642,3
Q1453235,3
Q16971610,3
Q229633,3
Q6548422,3
Q732708,3
Q172975,3
Q547375,3
Q202508,3
Q505617,3
Q778979,3
Q174331,3
Q19852428,3
Q4957361,3
Q21209392,3
Q1757544,3
Q3736809,3
Q928165,3
Q222800,3
Q282705,3
Q822842,3
Q5254567,3
Q762660,3
Q6575816,3
Q455676,3
Q374365,3
Q18358801,3
Q19053,3
Q3451825,3
Q3149623,3
Q478212,3
Q735278,3
Q5027014,3
Q134509,3
Q1353620,3
Q267394,3
Q463813,3
Q1588856,3
Q734249,3
Q172508,3
Q11870261,3
Q535577,3
Q625702,3
Q313852,3
Q6983028,3
Q130025,3
Q129074,3
Q5474120,3
Q390341,3
Q163899,3
Q841896,3
Q1778544,3
Q13470564,3
Q244347,3
Q3820032,3
Q4965372,3
Q61,3
Q6130509,3
Q3433460,3
Q3424894,3
Q3930638,3
Q426781,3
Q6323192,3
Q44447,3
Q2521895,3
Q400261,3
Q959853,3
Q155322,3
Q334059,3
Q280186,3
Q5538494,3
Q3241699,3
Q318422,3
Q846547,3
Q6767179,3
Q903151,3
Q26222244,3
Q17,3
Q917248,3
Q17275699,3
Q811023,3
Q957543,3
Q20650698,3
Q470661,3
Q189849,3
Q3018687,3
Q20111693,3
Q1208879,3
Q851611,3
Q5515624,3
Q554077,3
Q184843,3
Q621498,3
Q617708,3
Q6084862,3
Q1421355,3
Q106349,3
Q13223601,3
Q15266140,3
Q15052874,3
Q36204,3
Q4990791,3
Q421944,3
Q20713524,3
Q1846128,3
Q768931,3
Q3578071,3
Q3934005,3
Q7342420,3
Q1993112,3
Q391338,3
Q776179,3
Q5439352,3
Q10337179,3
Q6092092,3
Q19590783,3
Q497051,3
Q4535641,3
Q92868,3
Q5859,3
Q626215,3
Q18151084,3
Q279057,3
Q5108848,3
Q6311544,3
Q1330981,3
Q5814956,3
Q845355,3
Q797120,3
Q1043604,3
Q6303378,3
Q129793,3
Q1718337,3
Q377765,3
Q707310,3
Q17450789,3
Q1780249,3
Q16537366,3
Q2974704,3
Q1446749,3
Q918438,3
Q10425,3
Q192981,3
Q7296,3
Q5536624,3
Q19661230,3
Q574879,3
Q12127045,3
Q3620069,3
Q522389,3
Q1141457,3
Q171453,3
Q6479799,3
Q4310431,3
Q539214,3
Q3018508,3
Q18389006,3
Q6520777,3
Q283036,3
Q1660297,3
Q2665150,3
Q1025825,3
Q189616,3
Q948726,3
Q6850973,3
Q1715136,3
Q945936,3
Q17277933,3
Q1508133,3
Q3140771,3
Q336517,3
Q4905758,3
Q72276,3
Q4771294,3
Q134456,3
Q22443081,3
Q12116433,3
Q939084,3
Q1133768,3
Q1075023,3
Q278774,3
Q5288370,3
Q107416,3
Q25928887,3
Q186312,3
Q17168699,3
Q20089238,3
Q640076,3
Q301815,3
Q261759,3
Q378674,3
Q372210,3
Q722121,3
Q9900,3
Q499517,3
Q2902356,2
Q172293,2
Q18602706,2
Q1169658,2
Q335503,2
Q83656,2
Q19206,2
Q376030,2
Q2858086,2
Q17418129,2
Q5611721,2
Q19749379,2
Q19614711,2
Q3742336,2
Q896754,2
Q73923,2
Q2584342,2
Q26708474,2
Q449822,2
Q2039513,2
Q553949,2
Q3783,2
Q1029972,2
Q3751276,2
Q39269,2
Q1424930,2
Q1533817,2
Q7177945,2
Q5782319,2
Q6292873,2
Q2929783,2
Q562033,2
Q3118782,2
Q154835,2
Q5245262,2
Q1542340,2
Q466510,2
Q15729320,2
Q7344848,2
Q6309763,2
Q455584,2
Q3419572,2
Q657731,2
Q5157121,2
Q16741739,2
Q4354219,2
Q14945820,2
Q26222352,2
Q165855,2
Q20021459,2
Q16065638,2
Q17244897,2
Q692455,2
Q2067539,2
Q167573,2
Q838256,2
Q16253765,2
Q3207392,2
Q7273565,2
Q5481327,2
Q3489723,2
Q3940236,2
Q2016441,2
Q2071669,2
Q18809319,2
Q1642149,2
Q11215,2
Q4976280,2
Q325673,2
Q3574002,2
Q16105396,2
Q3574506,2
Q5388495,2
Q2108192,2
Q91057,2
Q1369276,2
Q23685,2
Q3134596,2
Q713470,2
Q17093537,2
Q9653404,2
Q124276,2
Q2831368,2
Q6928931,2
Q286124,2
Q925562,2
Q1166588,2
Q18395746,2
Q949046,2
Q265270,2
Q135786,2
Q794268,2
Q93147,2
Q5931210,2
Q908473,2
Q7344782,2
Q2900688,2
Q1783562,2
Q9196739,2
Q211283,2
Q25171991,2
Q261684,2
Q1199839,2
Q451182,2
Q18809196,2
Q961265,2
Q368492,2
Q5589843,2
Q436897,2
Q2977597,2
Q2723232,2
Q4739326,2
Q4778004,2
Q4412112,2
Q3426437,2
Q910938,2
Q6763837,2
Q528068,2
Q22570225,2
Q48605,2
Q565124,2
Q17250789,2
Q22336849,2
Q5166984,2
Q6795320,2
Q178552,2
Q2650747,2
Q16104944,2
Q7184,2
Q6538691,2
Q180004,2
Q1361175,2
Q293296,2
Q2646709,2
Q725609,2
Q155582,2
Q6448172,2
Q4786657,2
Q520035,2
Q12071778,2
Q265852,2
Q21612538,2
Q1141731,2
Q1311374,2
Q5618935,2
Q5241106,2
Q923351,2
Q110450,2
Q12126420,2
Q105598,2
Q4107,2
Q193020,2
Q5273169,2
Q662102,2
Q131390,2
Q4357099,2
Q111793,2
Q2630504,2
Q19404573,2
Q6555771,2
Q7313794,2
Q485580,2
Q3376844,2
Q6961472,2
Q390264,2
Q6787954,2
Q109721,2
Q2976885,2
Q3580019,2
Q21869292,2
Q5090855,2
Q4352429,2
Q19276262,2
Q963809,2
Q6203,2
Q6193718,2
Q16531913,2
Q44371,2
Q1764153,2
Q20648015,2
Q7298432,2
Q2851492,2
Q832728,2
Q1160649,2
Q2978003,2
Q10346515,2
Q3201237,2
Q755253,2
Q910189,2
Q4730213,2
Q26868817,2
Q3568564,2
Q946471,2
Q22336886,2
Q284796,2
Q15962457,2
Q381097,2
Q15580959,2
Q1452087,2
Q4405640,2
Q22720,2
Q2036001,2
Q5728035,2
Q1138876,2
Q26912077,2
Q946640,2
Q284856,2
Q18169381,2
Q22002439,2
Q3087714,2
Q420497,2
Q18703062,2
Q11057917,2
Q5316844,2
Q97054,2
Q5963898,2
Q167475,2
Q3385395,2
Q943327,2
Q1138422,2
Q2069811,2
Q6384223,2
Q20642474,2
Q10989715,2
Q1138425,2
Q2847564,2
Q1367175,2
Q20737624,2
Q126084,2
Q191719,2
Q18153400,2
Q268588,2
Q4731539,2
Q4766801,2
Q11727214,2
Q104454,2
Q3220076,2
Q262886,2
Q16253330,2
Q555367,2
Q3084105,2
Q501344,2
Q6204125,2
Q7184545,2
Q5725,2
Q5067766,2
Q7029316,2
Q2897977,2
Q21573908,2
Q6309127,2
Q799893,2
Q6960359,2
Q40729,2
Q2017566,2
Q3076575,2
Q328488,2
Q899922,2
Q4794662,2
Q4070371,2
Q3105538,2
Q408516,2
Q434894,2
Q193573,2
Q16221870,2
Q106454,2
Q3099085,2
Q497288,2
Q1643166,2
Q26847141,2
Q11792038,2
Q7324263,2
Q4977154,2
Q529315,2
Q3854069,2
Q5581282,2
Q4260208,2
Q2157005,2
Q1094356,2
Q1393455,2
Q3566062,2
Q5925562,2
Q19873764,2
Q719643,2
Q826452,2
Q375634,2
Q3570803,2
Q961661,2
Q3271836,2
Q1336939,2
Q6060822,2
Q6239734,2
Q17450813,2
Q17581456,2
Q433634,2
Q108006,2
Q17110953,2
Q20668249,2
Q5681533,2
Q366496,2
Q18386948,2
Q652056,2
Q19600029,2
Q49766,2
Q18809105,2
Q3435201,2
Q365616,2
Q15723844,2
Q15801523,2
Q3611615,2
Q559917,2
Q3421170,2
Q1044523,2
Q766723,2
Q883994,2
Q1750118,2
Q3386519,2
Q20878270,2
Q263807,2
Q21176468,2
Q331423,2
Q1809703,2
Q216450,2
Q1152189,2
Q20058652,2
Q3495406,2
Q20933617,2
Q6052915,2
Q548946,2
Q514140,2
Q244333,2
Q709880,2
Q6988445,2
Q2895236,2
Q6119366,2
Q945690,2
Q16212089,2
Q1990942,2
Q164106,2
Q16218517,2
Q1317743,2
Q18739916,2
Q1165933,2
Q640651,2
Q537081,2
Q5477180,2
Q325377,2
Q4504989,2
Q2559937,2
Q893790,2
Q2875,2
Q3211936,2
Q64240,2
Q10397281,2
Q260601,2
Q922301,2
Q1650092,2
Q5277680,2
Q2023928,2
Q372806,2
Q757049,2
Q2827697,2
Q3885800,2
Q11985309,2
Q34253,2
Q5052757,2
Q17180686,2
Q6254437,2
Q203370,2
Q750248,2
Q5229876,2
Q89675,2
Q4580,2
Q383122,2
Q1127828,2
Q2122393,2
Q6880201,2
Q5085862,2
Q2161524,2
Q336497,2
Q34600,2
Q15270775,2
Q697646,2
Q3334912,2
Q36661,2
Q6536168,2
Q273243,2
Q3161716,2
Q726333,2
Q20188305,2
Q810556,2
Q19985044,2
Q3369125,2
Q9285,2
Q1041357,2
Q1346454,2
Q23586383,2
Q16202913,2
Q3497610,2
Q9286,2
Q133933,2
Q4499813,2
Q5294673,2
Q773635,2
Q1282685,2
Q6834487,2
Q3188907,2
Q945514,2
Q3159649,2
Q19660917,2
Q9333311,2
Q15838527,2
Q888136,2
Q19842746,2
Q15462279,2
Q6933463,2
Q487206,2
Q2720658,2
Q5538699,2
Q271402,2
Q956141,2
Q468697,2
Q2581787,2
Q26769085,2
Q21427700,2
Q215017,2
Q23919964,2
Q18763745,2
Q7336228,2
Q499305,2
Q3460875,2
Q3037444,2
Q7322571,2
Q766096,2
Q12408754,2
Q3164471,2
Q317619,2
Q562587,2
Q1061531,2
Q934970,2
Q3099095,2
Q5316780,2
Q4381702,2
Q252726,2
Q122713,2
Q744701,2
Q3270827,2
Q949030,2
Q399427,2
Q1684374,2
Q3760788,2
Q3063714,2
Q2896340,2
Q841563,2
Q443007,2
Q464032,2
Q356762,2
Q110278,2
Q6117645,2
Q22336915,2
Q6874744,2
Q5464828,2
Q19044,2
Q712818,2
Q24568420,2
Q6777420,2
Q1378406,2
Q7382585,2
Q5055759,2
Q837642,2
Q5262852,2
Q25184218,2
Q1418251,2
Q7111893,2
Q526468,2
Q3223655,2
Q1395690,2
Q2155341,2
Q3079968,2
Q4795448,2
Q3541859,2
Q1660555,2
Q178987,2
Q4659038,2
Q470132,2
Q2082065,2
Q6246853,2
Q5331810,2
Q3855743,2
Q6055748,2
Q263287,2
Q274078,2
Q1336772,2
Q18127762,2
Q3494795,2
Q5529917,2
Q379178,2
Q725494,2
Q1385729,2
Q6296387,2
Q890929,2
Q279829,2
Q7154299,2
Q1430756,2
Q528036,2
Q4092823,2
Q309926,2
Q603865,2
Q1261054,2
Q1396195,2
Q953,2
Q10441,2
Q5262414,2
Q170821,2
Q19850715,2
Q945940,2
Q7272161,2
Q11921,2
Q474205,2
Q1832226,2
Q948826,2
Q962130,2
Q907311,2
Q17248847,2
Q3441783,2
Q20985514,2
Q16185504,2
Q7347099,2
Q16254251,2
Q710880,2
Q646972,2
Q519268,2
Q5057792,2
Q18343202,2
Q521871,2
Q3435507,2
Q17413064,2
Q11730120,2
Q3858841,2
Q5451052,2
Q23461654,2
Q2536184,2
Q21203487,2
Q6966149,2
Q3732225,2
Q611043,2
Q1353252,2
Q1010335,2
Q3187923,2
Q3568976,2
Q5031988,2
Q955864,2
Q3327727,2
Q17051558,2
Q3092286,2
Q117090,2
Q5263905,2
Q492908,2
Q328577,2
Q6453269,2
Q773361,2
Q3025551,2
Q3385801,2
Q13049644,2
Q326947,2
Q14949869,2
Q22947532,2
Q2030365,2
Q17444,2
Q985523,2
Q507695,2
Q2977844,2
Q23688615,2
Q5647612,2
Q155158,2
Q6792871,2
Q18604504,2
Q17355540,2
Q5397051,2
Q59721,2
Q11729557,2
Q18385827,2
Q18378222,2
Q15039025,2
Q958812,2
Q16146311,2
Q1308038,2
Q127421,2
Q1346625,2
Q1780390,2
Q18818815,2
Q1311249,2
Q5333732,2
Q457362,2
Q11220194,2
Q3494818,2
Q7327091,2
Q3147120,2
Q11870042,2
Q258037,2
Q3105685,2
Q5293402,2
Q234134,2
Q5418455,2
Q5345878,2
Q843,2
Q3142438,2
Q5534775,2
Q16104536,2
Q735613,2
Q6407869,2
Q599431,2
Q3168987,2
Q29078,2
Q1267125,2
Q216720,2
Q2101,2
Q822103,2
Q917369,2
Q5489946,2
Q4685234,2
Q3142092,2
Q735036,2
Q16240187,2
Q208559,2
Q548257,2
Q937340,2
Q3417223,2
Q532474,2
Q13252146,2
Q450415,2
Q182153,2
Q545832,2
Q1064771,2
Q6192731,2
Q1165566,2
Q1618243,2
Q1080454,2
Q19806082,2
Q18378012,2
Q5609045,2
Q5594695,2
Q4977296,2
Q5487845,2
Q9013673,2
Q965481,2
Q2155506,2
Q10457,2
Q560354,2
Q18808363,2
Q6842728,2
Q3619301,2
Q138071,2
Q7089112,2
Q519969,2
Q6182116,2
Q332591,2
Q19381372,2
Q18641076,2
Q2,2
Q7352297,2
Q3741,2
Q6694847,2
Q12170857,2
Q921765,2
Q1580587,2
Q19094,2
Q2709396,2
Q5082967,2
Q2946141,2
Q2345,2
Q192115,2
Q1627931,2
Q5075874,2
Q3588444,2
Q110318,2
Q1516214,2
Q469624,2
Q844319,2
Q1441731,2
Q5681446,2
Q4357746,2
Q5230510,2
Q6772003,2
Q3433444,2
Q3576266,2
Q7264592,2
Q1038530,2
Q1346122,2
Q847465,2
Q960293,2
Q7172098,2
Q4271831,2
Q21405490,2
Q432483,2
Q2586558,2
Q727079,2
Q7336831,2
Q525528,2
Q1138083,2
Q10797,2
Q2701566,2
Q4889184,2
Q10620357,2
Q1165204,2
Q231415,2
Q4996805,2
Q869862,2
Q5660551,2
Q16094036,2
Q4981074,2
Q7026080,2
Q7329912,2
Q5556149,2
Q3086896,2
Q15990861,2
Q3794381,2
Q15198730,2
Q6222035,2
Q12037657,2
Q1993712,2
Q19380183,2
Q3186462,2
Q7042215,2
Q1999287,2
Q3082687,2
Q18818785,2
Q39013,2
Q544434,2
Q964881,2
Q558634,2
Q110138,2
Q1248926,2
Q588707,2
Q110925,2
Q858467,2
Q6129417,2
Q16510485,2
Q2932464,2
Q8441585,2
Q2633684,2
Q546287,2
Q1125566,2
Q1179827,2
Q3368051,2
Q3188584,2
Q2848151,2
Q1919690,2
Q4498904,2
Q1045989,2
Q207954,2
Q223988,2
Q6848277,2
Q60,2
Q20022616,2
Q3233283,2
Q504168,2
Q1691391,2
Q3953036,2
Q429397,2
Q718749,2
Q1086693,2
Q16889214,2
Q18149766,2
Q432573,2
Q652411,2
Q10579018,2
Q2839083,2
Q1311890,2
Q18809329,2
Q96610,2
Q6742706,2
Q104419,2
Q142539,2
Q15630553,2
Q6763283,2
Q2578788,2
Q6829318,2
Q10749,2
Q6223595,2
Q115115,2
Q3497865,2
Q730946,2
Q578977,2
Q1585854,2
Q1465191,2
Q6492,2
Q1777112,2
Q971899,2
Q12624964,2
Q76323,2
Q5160024,2
Q1126725,2
Q155396,2
Q1338293,2
Q3179127,2
Q16326193,2
Q1879093,2
Q3157325,2
Q733069,2
Q351978,2
Q48892,2
Q19660912,2
Q150214,2
Q106607,2
Q667329,2
Q426064,2
Q3051762,2
Q3157001,2
Q20580706,2
Q3155355,2
Q551762,2
Q202823,2
Q155536,2
Q3358128,2
Q5335841,2
Q161122,2
Q202649,2
Q31481,2
Q1617489,2
Q15561844,2
Q272931,2
Q1675392,2
Q923276,2
Q4095702,2
Q13511797,2
Q7195807,2
Q7026791,2
Q13541959,2
Q476652,2
Q5832,2
Q5837517,2
Q454162,2
Q134549,2
Q3055361,2
Q19263959,2
Q4391326,2
Q7298125,2
Q16204677,2
Q1825264,2
Q2964991,2
Q197491,2
Q6835374,2
Q6046939,2
Q4966740,2
Q3047459,2
Q759448,2
Q16678712,2
Q11009058,2
Q1354121,2
Q1060820,2
Q4953265,2
Q18815222,2
Q3332889,2
Q106742,2
Q7376407,2
Q20750825,2
Q109079,2
Q4800985,2
Q4662788,2
Q467786,2
Q276343,2
Q15581238,2
Q5265218,2
Q919049,2
Q3736454,2
Q541839,2
Q1292187,2
Q601844,2
Q524966,2
Q5537917,2
Q1490,2
Q55741,2
Q1708462,2
Q107462,2
Q1509085,2
Q16910214,2
Q540125,2
Q751346,2
Q3295237,2
Q5392165,2
Q26214467,2
Q6798478,2
Q3852249,2
Q463938,2
Q963,2
Q5459316,2
Q493803,2
Q19878293,2
Q310158,2
Q411723,2
Q11854485,2
Q5339373,2
Q22570244,2
Q1653153,2
Q7063895,2
Q1773174,2
Q32295,2
Q153875,2
Q441267,2
Q466409,2
Q192138,2
Q547120,2
Q20747608,2
Q1988265,2
Q3449719,2
Q3835611,2
Q25171979,2
Q12237724,2
Q5474,2
Q229313,2
Q454740,2
Q2628313,2
Q595074,2
Q1292442,2
Q500376,2
Q270470,2
Q787124,2
Q6778572,2
Q457324,2
Q20090870,2
Q17279319,2
Q954849,2
Q3056329,2
Q1686476,2
Q6842739,2
Q3270208,2
Q5200887,2
Q15130913,2
Q5761358,2
Q15130917,2
Q3549028,2
Q4761124,2
Q17639196,2
Q15927938,2
Q3766191,2
Q2705297,2
Q6260462,2
Q77193,2
Q4117145,2
Q2922080,2
Q3098690,2
Q3263477,2
Q1588759,2
Q11538917,2
Q7352804,2
Q17386315,2
Q6456698,2
Q6141924,2
Q495286,2
Q6344946,2
Q576877,2
Q2852528,2
Q3170328,2
Q52224,2
Q4796503,2
Q21162060,2
Q327953,2
Q3763554,2
Q1443510,2
Q1998098,2
Q12476698,2
Q6059184,2
Q8990291,2
Q494722,2
Q6109603,2
Q3427840,2
Q3072245,2
Q80201,2
Q3177296,2
Q235467,2
Q608074,2
Q137584,2
Q1462622,2
Q647055,2
Q11724209,2
Q4022845,2
Q1252526,2
Q4413339,2
Q933204,2
Q5536056,2
Q7179859,2
Q3241928,2
Q4140831,2
Q15488995,2
Q644481,2
Q712889,2
Q276328,2
Q22947273,2
Q3666683,2
Q21034402,2
Q3456319,2
Q2744537,2
Q3121653,2
Q3101695,2
Q978568,2
Q432582,2
Q5924380,2
Q185107,2
Q3037933,2
Q16252270,2
Q221697,2
Q21262050,2
Q183032,2
Q1372466,2
Q24689749,2
Q917429,2
Q7360525,2
Q2829876,2
Q5523920,2
Q824602,2
Q22342319,2
Q3940717,2
Q221164,2
Q240951,2
Q4739418,2
Q1745447,2
Q6837042,2
Q4765540,2
Q1036873,2
Q553196,2
Q7204254,2
Q4578928,2
Q12602940,2
Q753010,2
Q20630886,2
Q5134708,2
Q5115940,2
Q4901336,2
Q48973,2
Q6409990,2
Q1000119,2
Q12127280,2
Q16146317,2
Q5044254,2
Q1841195,2
Q669836,2
Q4266474,2
Q16900285,2
Q1406916,2
Q1033497,2
Q612778,2
Q464014,2
Q674846,2
Q1166236,2
Q17450844,2
Q5976009,2
Q1585446,2
Q472868,2
Q17249771,2
Q2200470,2
Q6192288,2
Q6321197,2
Q962081,2
Q3829799,2
Q1468943,2
Q20824238,2
Q5547741,2
Q314524,2
Q13218237,2
Q4772606,2
Q5408723,2
Q629902,2
Q5860443,2
Q218677,2
Q218894,2
Q667799,2
Q495301,2
Q11778405,2
Q958959,2
Q21872954,2
Q13564444,2
Q1393003,2
Q1890141,2
Q5719630,2
Q3178863,2
Q4353110,2
Q16887038,2
Q1394927,2
Q73009,2
Q223204,2
Q823292,2
Q20814654,2
Q6229489,2
Q3439676,2
Q14292022,2
Q732554,2
Q318067,2
Q1256501,2
Q4373375,2
Q5589858,2
Q19380917,2
Q4893150,2
Q6389853,2
Q300552,2
Q5619585,2
Q240076,2
Q5933795,2
Q16918912,2
Q171711,2
Q1411080,2
Q879921,2
Q4039852,2
Q1610505,2
Q3294463,2
Q13631063,2
Q3426925,2
Q371208,2
Q16573878,2
Q171477,2
Q611015,2
Q6761836,2
Q6380506,2
Q1129506,2
Q235878,2
Q5232990,2
Q14634732,2
Q3225229,2
Q17505227,2
Q12624958,2
Q12012208,2
Q5536235,2
Q25051171,2
Q19587530,2
Q480273,2
Q16091330,2
Q1343304,2
Q116768,2
Q3553597,2
Q6152777,2
Q5256874,2
Q1813348,2
Q4835877,2
Q1712530,2
Q87143,2
Q3295235,2
Q3102099,2
Q195281,2
Q3438184,2
Q3417204,2
Q6220360,2
Q3977774,2
Q1614152,2
Q129228,2
Q913324,2
Q10374863,2
Q1276,2
Q4771984,2
Q293385,2
Q45178,2
Q918707,2
Q12100803,2
Q285372,2
Q9278,2
Q682918,2
Q461872,2
Q901001,2
Q5535961,2
Q1366724,2
Q463221,2
Q3013001,2
Q179883,2
Q182642,2
Q259988,2
Q273779,2
Q257515,2
Q22336894,2
Q16219562,2
Q19372588,2
Q21997914,2
Q16745486,2
Q371935,2
Q3830066,2
Q316317,2
Q20933459,2
Q3844609,2
Q43,2
Q11879152,2
Q1555323,2
Q6004142,2
Q6792918,2
Q6963630,2
Q6149463,2
Q6046144,2
Q19862158,2
Q92646,2
Q19599809,2
Q1923232,2
Q6164993,2
Q90458,2
Q1590797,2
Q6684059,2
Q18220902,2
Q6445147,2
Q62352,2
Q5331506,2
Q4415198,2
Q1572946,2
Q1027230,2
Q270705,2
Q12124934,2
Q122082,2
Q278830,2
Q16857411,2
Q5185473,2
Q828125,2
Q655478,2
Q7495,2
Q6263207,2
Q3062962,2
Q48734,2
Q1097261,2
Q18589110,2
Q313407,2
Q484987,2
Q7364005,2
Q487271,2
Q3434209,2
Q21819857,2
Q590352,2
Q3433306,2
Q5655741,2
Q6473638,2
Q3411336,2
Q21936530,2
Q895921,2
Q105343,2
Q48464,2
Q191819,2
Q18153917,2
Q5181158,2
Q5920217,2
Q6700604,2
Q467111,2
Q722667,2
Q6768662,2
Q174979,2
Q16258161,2
Q28891,2
Q7339708,2
Q241958,2
Q1642252,2
Q964745,2
Q478333,2
Q3607521,2
Q651323,2
Q3084069,2
Q57100,2
Q535951,2
Q16203423,2
Q1197489,2
Q125664,2
Q6209856,2
Q17168761,2
Q5419527,2
Q21095454,2
Q5215288,2
Q19473346,2
Q4891245,2
Q1237656,2
Q2916296,2
Q4916288,2
Q18809343,2
Q1091097,2
Q24963283,2
Q1668732,2
Q48246,2
Q282742,2
Q4965071,2
Q6378789,2
Q3823886,2
Q15960598,2
Q13424289,2
Q441780,2
Q6355721,2
Q1699525,2
Q4660453,2
Q16548530,2
Q49740,2
Q18559927,2
Q7349660,2
Q5102498,2
Q938685,2
Q4252113,2
Q127754,2
Q168159,2
Q311078,2
Q59084,2
Q854267,2
Q1243655,2
Q3061659,2
Q652464,2
Q18168063,2
Q15497931,2
Q374034,2
Q2000425,2
Q6743593,2
Q1341845,2
Q6323660,2
Q3428361,2
Q155169,2
Q465478,2
Q10428,2
Q25040379,2
Q213864,2
Q4753356,2
Q181069,2
Q514253,2
Q1656251,2
Q1893059,2
Q230824,2
Q520110,2
Q18352512,2
Q18809333,2
Q17333596,2
Q17450779,2
Q3123761,2
Q734604,2
Q961671,2
Q17280647,2
Q22020000,2
Q3273349,2
Q523055,2
Q5351536,2
Q782536,2
Q25172000,2
Q402,2
Q3442411,2
Q2027,2
Q212885,2
Q23817747,2
Q514993,2
Q334279,2
Q7175431,2
Q294169,2
Q25189268,2
Q400101,2
Q334,2
Q3448228,2
Q11833214,2
Q851864,2
Q4312193,2
Q5538057,2
Q830376,2
Q3356395,2
Q822582,2
Q551671,2
Q20120108,2
Q457000,2
Q605515,2
Q58833,2
Q440898,2
Q5233126,2
Q10131,2
Q3560452,2
Q5531168,2
Q16090111,2
Q22669126,2
Q571434,2
Q486899,2
Q170899,2
Q11160981,2
Q677609,2
Q3176304,2
Q841761,2
Q7143927,2
Q3438494,2
Q20631102,2
Q5486229,2
Q18703217,2
Q2926439,2
Q5375020,2
Q874588,2
Q18818776,2
Q18215986,2
Q8918,2
Q1571704,2
Q3051188,2
Q271664,2
Q6251926,2
Q17279218,2
Q5741046,2
Q14951473,2
Q845204,2
Q2131394,2
Q653473,2
Q380980,2
Q448205,2
Q1144967,2
Q1138897,2
Q5897059,2
Q22340635,2
Q174385,2
Q7129686,2
Q1959635,2
Q931673,2
Q26207415,2
Q20024443,2
Q2808359,2
Q928545,2
Q561775,2
Q698846,2
Q662066,2
Q537407,2
Q1062467,2
Q11393,2
Q4764696,2
Q124013,2
Q668,2
Q55,2
Q732135,2
Q178940,2
Q952096,2
Q10472489,2
Q205420,2
Q4724961,2
Q150,2
Q18744900,2
Q4430,2
Q4128230,2
Q1687812,2
Q4354923,2
Q333661,2
Q2076076,2
Q7350870,2
Q15046541,2
Q641182,2
Q756790,2
Q768285,2
Q15,2
Q16691,2
Q5112956,2
Q20588000,2
Q1385128,2
Q18389257,2
Q742195,2
Q311167,2
Q10437,2
Q5092295,2
Q18611457,2
Q1334948,2
Q7346210,2
Q4837463,2
Q61555,2
Q20751629,2
Q14914918,2
Q1673273,2
Q11044943,2
Q4187,2
Q14948591,2
Q677806,2
Q1733874,2
Q3181699,2
Q4186891,2
Q981373,2
Q826926,2
Q250378,2
Q6816218,2
Q10435,2
Q104668,2
Q4894621,2
Q20642206,2
Q6182435,2
Q206653,2
Q18744694,2
Q6240035,2
Q1691318,2
Q211222,2
Q122894,2
Q17248694,2
Q15948938,2
Q4661141,2
Q981845,2
Q5259011,2
Q16142102,2
Q21483840,2
Q213076,2
Q950341,2
Q358253,2
Q251322,2
Q17525022,2
Q549884,2
Q1040407,2
Q105031,2
Q7137126,2
Q375566,2
Q3014202,2
Q26459660,2
Q894983,2
Q5310400,2
Q3433244,2
Q4127304,2
Q490497,2
Q43362,2
Q14927595,2
Q963642,2
Q168073,2
Q334879,2
Q18201769,2
Q3048338,2
Q13651354,2
Q44396,2
Q5522904,2
Q155699,2
Q1213584,2
Q381234,2
Q336438,2
Q58427,2
Q1288271,2
Q6048194,2
Q3291766,2
Q11924870,2
Q4908599,2
Q6250249,2
Q18542842,2
Q244952,2
Q4885662,2
Q11621,2
Q20273728,2
Q40228,2
Q12025942,2
Q753605,2
Q451476,2
Q475411,2
Q13538222,2
Q507994,2
Q2078417,2
Q886597,2
Q21283500,2
Q18819083,2
Q7096173,2
Q15421399,2
Q709928,2
Q5395,2
Q20820757,2
Q457016,2
Q159070,2
Q9276,2
Q3371170,2
Q6550100,2
Q438786,2
Q11893957,2
Q738582,2
Q1340006,2
Q25297874,2
Q5210132,2
Q19573621,2
Q4163169,2
Q15452106,2
Q7177770,2
Q6219242,2
Q1624919,2
Q6028571,2
Q19573553,2
Q1428326,2
Q547033,2
Q573056,2
Q197108,2
Q2002073,2
Q19801765,2
Q622769,2
Q6119733,2
Q455687,1
Q688317,1
Q2197297,1
Q3286749,1
Q5229256,1
Q6221129,1
Q4833456,1
Q20579830,1
Q103625,1
Q20966579,1
Q21997773,1
Q3899497,1
Q486822,1
Q375641,1
Q3566415,1
Q5237174,1
Q832105,1
Q5525834,1
Q7095943,1
Q2656321,1
Q181162,1
Q4659765,1
Q2563053,1
Q953697,1
Q6759375,1
Q49081,1
Q3346017,1
Q7342730,1
Q22336880,1
Q972641,1
Q782338,1
Q14772351,1
Q23619215,1
Q6440775,1
Q83623,1
Q18129096,1
Q6243117,1
Q213787,1
Q947855,1
Q710920,1
Q334155,1
Q16089956,1
Q2830034,1
Q18945688,1
Q188978,1
Q6373506,1
Q7341,1
Q7345188,1
Q4441133,1
Q169087,1
Q18922010,1
Q3213142,1
Q20962283,1
Q189947,1
Q5417525,1
Q7105122,1
Q922877,1
Q16257995,1
Q769080,1
Q12027164,1
Q16106269,1
Q7145717,1
Q17248394,1
Q1062172,1
Q18809099,1
Q212896,1
Q730152,1
Q20961690,1
Q599923,1
Q18685485,1
Q3819108,1
Q131330,1
Q186341,1
Q491005,1
Q20630671,1
Q2151006,1
Q18292009,1
Q18170642,1
Q230,1
Q8962593,1
Q7334902,1
Q2121795,1
Q7296300,1
Q19361900,1
Q447638,1
Q611085,1
Q7234573,1
Q102410,1
Q19750197,1
Q5986944,1
Q14950498,1
Q542063,1
Q507951,1
Q543295,1
Q232774,1
Q22336807,1
Q4807447,1
Q4727170,1
Q19946096,1
Q5386759,1
Q5871596,1
Q4007189,1
Q422969,1
Q1515266,1
Q10561690,1
Q266834,1
Q4357132,1
Q3591105,1
Q4100589,1
Q1165184,1
Q1226066,1
Q13091172,1
Q6476137,1
Q10091,1
Q11237995,1
Q2510095,1
Q32110,1
Q6236443,1
Q4254026,1
Q18392013,1
Q91647,1
Q1571693,1
Q6409654,1
Q307400,1
Q1788491,1
Q207983,1
Q17057630,1
Q1263093,1
Q6135803,1
Q2066061,1
Q161399,1
Q2847854,1
Q6250314,1
Q104859,1
Q1701310,1
Q4354588,1
Q42051,1
Q201217,1
Q24181507,1
Q255016,1
Q4790997,1
Q19749685,1
Q3077438,1
Q3701365,1
Q1111980,1
Q155605,1
Q193981,1
Q3434692,1
Q501697,1
Q10314145,1
Q6945601,1
Q15122511,1
Q796941,1
Q42072,1
Q116845,1
Q19660989,1
Q4376535,1
Q6503804,1
Q3015170,1
Q5640689,1
Q349217,1
Q7267252,1
Q1600843,1
Q3438092,1
Q397,1
Q477523,1
Q3144566,1
Q5300959,1
Q16326146,1
Q913065,1
Q192603,1
Q6145529,1
Q21087090,1
Q920526,1
Q7151663,1
Q4725072,1
Q12634243,1
Q187713,1
Q6845056,1
Q189330,1
Q704639,1
Q478076,1
Q590444,1
Q6791178,1
Q1377195,1
Q6130828,1
Q12768687,1
Q6259958,1
Q7360156,1
Q186236,1
Q5540981,1
Q1503896,1
Q525300,1
Q5191522,1
Q3387455,1
Q155548,1
Q3557536,1
Q6864773,1
Q9263269,1
Q6680303,1
Q2887224,1
Q6772277,1
Q697,1
Q16104755,1
Q6774341,1
Q4912665,1
Q909445,1
Q4940532,1
Q1525978,1
Q6048820,1
Q835771,1
Q59,1
Q107089,1
Q784509,1
Q5559961,1
Q1027128,1
Q60128,1
Q223613,1
Q2061104,1
Q6182990,1
Q3140995,1
Q2160077,1
Q6163896,1
Q2845402,1
Q16239255,1
Q5057032,1
Q18391,1
Q943134,1
Q7142850,1
Q3158516,1
Q1145124,1
Q6116533,1
Q17246547,1
Q174269,1
Q451240,1
Q42646,1
Q5095187,1
Q118490,1
Q463832,1
Q6396450,1
Q178589,1
Q529027,1
Q13077226,1
Q918519,1
Q590869,1
Q5624011,1
Q5563094,1
Q21914464,1
Q7176001,1
Q4083471,1
Q2628076,1
Q675468,1
Q176201,1
Q7380286,1
Q19518240,1
Q3137109,1
Q26178986,1
Q875055,1
Q4087048,1
Q6030661,1
Q721774,1
Q544664,1
Q3018986,1
Q1642605,1
Q2847360,1
Q6220845,1
Q71001,1
Q18161903,1
Q725153,1
Q2735268,1
Q658064,1
Q20814882,1
Q19938131,1
Q5408602,1
Q6875756,1
Q188694,1
Q515363,1
Q7349738,1
Q10665235,1
Q172364,1
Q5628284,1
Q2672204,1
Q104777,1
Q2161283,1
Q456558,1
Q28441,1
Q18729756,1
Q7198019,1
Q6915509,1
Q15430315,1
Q6220390,1
Q1136882,1
Q22570248,1
Q1376044,1
Q54592,1
Q504409,1
Q6276136,1
Q9141,1
Q175230,1
Q104514,1
Q1700988,1
Q188082,1
Q5352293,1
Q15620419,1
Q16266012,1
Q543319,1
Q1059497,1
Q918352,1
Q4829405,1
Q4420282,1
Q47087,1
Q462483,1
Q6981132,1
Q357985,1
Q2617906,1
Q4491068,1
Q22945833,1
Q975817,1
Q5116414,1
Q18611374,1
Q931853,1
Q1055200,1
Q12957721,1
Q5386403,1
Q400332,1
Q5394202,1
Q476205,1
Q359442,1
Q2942039,1
Q16615200,1
Q4392516,1
Q5294998,1
Q1093071,1
Q20679767,1
Q4441294,1
Q1057287,1
Q693549,1
Q40984,1
Q1049445,1
Q22570258,1
Q19660916,1
Q7193209,1
Q317521,1
Q7121690,1
Q241504,1
Q6763730,1
Q1862611,1
Q23565,1
Q273558,1
Q1120950,1
Q2846736,1
Q7151675,1
Q339358,1
Q179382,1
Q82083,1
Q717,1
Q55004,1
Q4726152,1
Q3465266,1
Q2141374,1
Q7094390,1
Q1205345,1
Q779584,1
Q223385,1
Q6396325,1
Q3182209,1
Q159,1
Q157,1
Q16920301,1
Q520062,1
Q4022680,1
Q7292518,1
Q92617,1
Q18109363,1
Q245340,1
Q726530,1
Q3442375,1
Q6847223,1
Q515779,1
Q17363870,1
Q5111205,1
Q20711488,1
Q336534,1
Q776157,1
Q44274,1
Q2051292,1
Q80956,1
Q381346,1
Q23665531,1
Q107582,1
Q20882664,1
Q139376,1
Q752318,1
Q44461,1
Q3775558,1
Q4981112,1
Q22336756,1
Q844875,1
Q725120,1
Q22889,1
Q1728768,1
Q515695,1
Q292741,1
Q3295823,1
Q162629,1
Q506867,1
Q1211023,1
Q25324828,1
Q5978237,1
Q6860797,1
Q168430,1
Q18343544,1
Q4710611,1
Q16089708,1
Q236921,1
Q16992352,1
Q1386895,1
Q10452,1
Q6063372,1
Q10450,1
Q1129922,1
Q5040171,1
Q379502,1
Q11963136,1
Q22673982,1
Q7175663,1
Q2981225,1
Q2926649,1
Q6222548,1
Q545901,1
Q2088750,1
Q19961527,1
Q6474763,1
Q6850702,1
Q704335,1
Q17364635,1
Q7299855,1
Q476698,1
Q3148192,1
Q21535093,1
Q4701194,1
Q16250104,1
Q3352033,1
Q1424547,1
Q579757,1
Q18809349,1
Q2714874,1
Q1295870,1
Q6244736,1
Q1778444,1
Q20737954,1
Q7201228,1
Q483604,1
Q440971,1
Q461860,1
Q379080,1
Q10488,1
Q17517294,1
Q6748315,1
Q7324830,1
Q13013856,1
Q1962088,1
Q1749,1
Q12313984,1
Q5053579,1
Q5242099,1
Q3108691,1
Q19660935,1
Q17113214,1
Q7351655,1
Q1351911,1
Q6008967,1
Q16889751,1
Q6188648,1
Q17061481,1
Q120216,1
Q2087422,1
Q666484,1
Q223559,1
Q145,1
Q4663106,1
Q5944261,1
Q189358,1
Q16079143,1
Q5549108,1
Q6933246,1
Q378905,1
Q316083,1
Q3283448,1
Q18705147,1
Q240832,1
Q73028,1
Q1806231,1
Q15728910,1
Q22809560,1
Q4647628,1
Q115483,1
Q6361142,1
Q1075770,1
Q208000,1
Q22336932,1
Q966092,1
Q18809421,1
Q1049650,1
Q3736027,1
Q180143,1
Q500612,1
Q3435065,1
Q12308608,1
Q19520539,1
Q1129080,1
Q6251924,1
Q78319,1
Q7100753,1
Q6069482,1
Q1688648,1
Q22079742,1
Q175100,1
Q369658,1
Q792948,1
Q1065627,1
Q62682,1
Q1701482,1
Q477578,1
Q4979148,1
Q2609937,1
Q45949,1
Q3012832,1
Q5094855,1
Q3023039,1
Q3990529,1
Q5495873,1
Q29294,1
Q6425364,1
Q4149872,1
Q22336928,1
Q6849506,1
Q12741435,1
Q6189477,1
Q2861796,1
Q2066193,1
Q482630,1
Q490588,1
Q6226948,1
Q20631209,1
Q5829200,1
Q1707497,1
Q6066347,1
Q407116,1
Q22570200,1
Q1609610,1
Q3320897,1
Q2060077,1
Q3710069,1
Q5556578,1
Q4121378,1
Q471897,1
Q176993,1
Q512429,1
Q4355926,1
Q4661988,1
Q15659308,1
Q194726,1
Q116478,1
Q5203596,1
Q1377468,1
Q1850,1
Q19891291,1
Q84150,1
Q2822101,1
Q863957,1
Q17306332,1
Q17250109,1
Q1087071,1
Q159095,1
Q24455748,1
Q1069749,1
Q3236273,1
Q28,1
Q4952709,1
Q215413,1
Q1194871,1
Q10551383,1
Q18602715,1
Q5825151,1
Q5212838,1
Q1354766,1
Q1066402,1
Q3017937,1
Q244975,1
Q4497258,1
Q1377926,1
Q4584302,1
Q104814,1
Q3340996,1
Q19864734,1
Q171890,1
Q16952632,1
Q1757,1
Q2861634,1
Q3166586,1
Q313661,1
Q150526,1
Q5294487,1
Q6056153,1
Q466998,1
Q471449,1
Q6259621,1
Q178663,1
Q6834126,1
Q5826096,1
Q6024866,1
Q5298559,1
Q22570230,1
Q1321517,1
Q2057897,1
Q3439664,1
Q5699585,1
Q3490066,1
Q287000,1
Q7057754,1
Q6321453,1
Q1131162,1
Q75888,1
Q534324,1
Q5229719,1
Q6949658,1
Q16000011,1
Q192490,1
Q5557776,1
Q791439,1
Q5184500,1
Q3190019,1
Q20649227,1
Q6966377,1
Q21151513,1
Q182814,1
Q6093004,1
Q17305929,1
Q187170,1
Q647979,1
Q246595,1
Q426837,1
Q7325609,1
Q1775750,1
Q6500623,1
Q19867764,1
Q594030,1
Q2708256,1
Q3571315,1
Q451540,1
Q5335592,1
Q3125887,1
Q20745938,1
Q6397066,1
Q1888794,1
Q4586124,1
Q6760903,1
Q15562593,1
Q1046883,1
Q575352,1
Q5421764,1
Q1048329,1
Q5295217,1
Q2119044,1
Q465866,1
Q5730988,1
Q570163,1
Q21226401,1
Q90833,1
Q12786460,1
Q3196629,1
Q485828,1
Q4932203,1
Q1399569,1
Q375428,1
Q3184047,1
Q969764,1
Q3341613,1
Q5335278,1
Q976434,1
Q232250,1
Q1639167,1
Q69307,1
Q5734930,1
Q57229,1
Q5984809,1
Q6928693,1
Q1068407,1
Q3231167,1
Q541032,1
Q213081,1
Q627636,1
Q19748942,1
Q9028011,1
Q24963287,1
Q6235450,1
Q143,1
Q1553586,1
Q198560,1
Q83317,1
Q1606354,1
Q4133501,1
Q888686,1
Q1635777,1
Q3489145,1
Q2965397,1
Q602876,1
Q702406,1
Q432421,1
Q433336,1
Q185805,1
Q3603120,1
Q1678015,1
Q103759,1
Q438308,1
Q6254966,1
Q4898905,1
Q465417,1
Q793843,1
Q206515,1
Q3166620,1
Q641575,1
Q648619,1
Q6729670,1
Q5702569,1
Q255300,1
Q22570215,1
Q40874,1
Q3182261,1
Q21282973,1
Q22893875,1
Q7037990,1
Q7105959,1
Q261019,1
Q19572278,1
Q577077,1
Q464378,1
Q2894932,1
Q2566231,1
Q3420032,1
Q17319065,1
Q1474624,1
Q9188,1
Q11249824,1
Q6033454,1
Q41242,1
Q162729,1
Q712989,1
Q34225,1
Q218568,1
Q2895087,1
Q532218,1
Q7342245,1
Q944894,1
Q434177,1
Q1074029,1
Q454661,1
Q873358,1
Q1030228,1
Q1769895,1
Q1248074,1
Q930835,1
Q4137549,1
Q1898148,1
Q12678362,1
Q17450799,1
Q1418881,1
Q1292456,1
Q743198,1
Q17386189,1
Q358221,1
Q16253807,1
Q18002970,1
Q722267,1
Q4934,1
Q165911,1
Q6267226,1
Q215546,1
Q21426976,1
Q262854,1
Q5199919,1
Q5496726,1
Q5307129,1
Q5544820,1
Q5236888,1
Q5300872,1
Q273379,1
Q155674,1
Q1552785,1
Q3226730,1
Q128888,1
Q808477,1
Q123481,1
Q202409,1
Q3178758,1
Q20022643,1
Q821856,1
Q14602154,1
Q959863,1
Q189113,1
Q192403,1
Q4767699,1
Q550988,1
Q133588,1
Q107450,1
Q3764588,1
Q16238975,1
Q16980111,1
Q18809324,1
Q1473804,1
Q21931994,1
Q18809323,1
Q156011,1
Q1856597,1
Q1884662,1
Q4497534,1
Q748932,1
Q4307084,1
Q655398,1
Q25171919,1
Q6787952,1
Q4797134,1
Q15526075,1
Q5257260,1
Q216569,1
Q234598,1
Q16566094,1
Q3157276,1
Q16890935,1
Q6188140,1
Q556667,1
Q1842,1
Q550992,1
Q5192367,1
Q257778,1
Q550058,1
Q5386613,1
Q1933004,1
Q426765,1
Q1522851,1
Q19972029,1
Q492720,1
Q3518851,1
Q1230959,1
Q3107733,1
Q795680,1
Q242434,1
Q607119,1
Q3520515,1
Q1653136,1
Q3929809,1
Q5446705,1
Q312833,1
Q295873,1
Q18736942,1
Q19518679,1
Q15040656,1
Q9160222,1
Q155558,1
Q740337,1
Q6493742,1
Q224912,1
Q167383,1
Q970788,1
